sr_no,HostTimestamp,NodeTimestamp,X_mg,Y_mg,Z_mg,X_mGa,Y_mGa,Z_mGa,X_dps,Y (dps),Z_dps,move_type
1,19020,10674,-72,-876,30,244.0,-178.0,-313.0,8.8,1.5,8.6,S
2,19080,10680,64,-901,135,234.0,-169.0,-322.0,16.5,7.1,19.8,S
3,19141,10686,326,-1037,127,229.0,-166.0,-328.0,21.3,-11.4,10.5,S
4,19170,10693,200,-1185,86,226.0,-169.0,-342.0,11.7,-67.4,28.0,S
5,19231,10699,-152,-1359,262,213.0,-172.0,-364.0,5.5,-59.0,66.8,S
6,19291,10705,-482,-1431,219,210.0,-174.0,-369.0,-17.1,-39.9,26.0,S
7,19320,10711,-542,-1291,151,211.0,-177.0,-364.0,-39.3,-39.8,21.1,S
8,19381,10718,-658,-1202,277,228.0,-172.0,-352.0,-35.5,-2.3,9.0,S
9,19440,10724,-511,-1040,199,246.0,-175.0,-336.0,-49.9,15.5,1.1,S
10,19470,10730,-602,-921,-48,261.0,-169.0,-304.0,-45.0,38.9,24.7,S
11,19530,10736,-658,-944,153,271.0,-150.0,-291.0,-46.4,44.2,16.7,S
12,19590,10743,-600,-792,30,271.0,-141.0,-271.0,-38.7,53.7,12.8,S
13,19620,10749,-696,-758,80,285.0,-135.0,-247.0,-19.0,57.5,-4.0,S
14,19680,10755,-555,-565,81,285.0,-121.0,-238.0,-15.8,86.7,-18.0,S
15,19740,10761,-342,-352,-124,285.0,-121.0,-238.0,7.2,73.2,-37.7,S
16,19770,10768,-120,-303,-118,291.0,-118.0,-199.0,39.6,89.3,-17.6,S
17,19831,10774,62,-309,-155,303.0,-123.0,-205.0,81.3,69.0,-30.0,S
18,19891,10780,77,-483,10,283.0,-118.0,-229.0,99.1,45.5,-21.0,S
19,19920,10786,370,-608,259,258.0,-118.0,-264.0,125.2,29.4,-14.0,S
20,19980,10793,482,-825,510,232.0,-124.0,-297.0,141.2,-7.9,0.2,S
21,20041,10799,659,-1074,778,195.0,-126.0,-348.0,123.4,-47.6,11.6,S
22,20070,10805,564,-1271,744,157.0,-135.0,-384.0,67.0,-95.4,20.5,S
23,20130,10811,267,-1358,610,157.0,-135.0,-384.0,67.0,-95.4,20.5,S
24,20190,10818,-27,-1404,577,129.0,-162.0,-411.0,-16.0,-69.0,48.7,S
25,20220,10824,-540,-1458,533,135.0,-169.0,-438.0,-34.0,-82.5,49.0,S
26,20281,10830,-869,-1342,578,141.0,-171.0,-421.0,-67.6,-51.8,54.0,S
27,20341,10836,-1009,-1186,612,166.0,-183.0,-409.0,-91.5,-34.9,-3.1,S
28,20370,10843,-742,-855,306,202.0,-198.0,-396.0,-90.3,18.5,-20.3,S
29,20431,10849,-437,-620,195,225.0,-186.0,-369.0,-63.7,54.4,-31.1,S
30,20490,10855,-139,-538,120,246.0,-189.0,-342.0,-37.2,59.9,-31.8,S
31,20520,10861,99,-562,23,247.0,-175.0,-337.0,-10.5,42.5,-15.1,S
32,20581,10868,132,-798,66,256.0,-175.0,-321.0,7.2,29.0,-5.4,S
33,20641,10874,175,-985,119,246.0,-171.0,-324.0,20.1,18.4,-6.0,S
34,20670,10880,20,-1089,216,238.0,-174.0,-328.0,15.2,5.7,0.4,S
35,20731,10886,-105,-1085,170,246.0,-172.0,-331.0,6.2,2.7,-1.3,S
36,20791,10893,-69,-1031,172,241.0,-174.0,-336.0,0.0,-7.4,-1.0,S
37,20820,10899,-114,-999,187,240.0,-180.0,-330.0,-5.3,-9.8,5.1,S
38,20902,10905,-117,-982,154,240.0,-174.0,-324.0,-7.2,-9.7,6.3,S
39,20940,10911,-137,-964,153,234.0,-172.0,-337.0,-4.6,-5.6,10.6,S
40,20970,10918,-147,-977,132,240.0,-175.0,-337.0,-5.4,-16.3,3.7,S
41,21030,10924,-161,-977,145,240.0,-181.0,-343.0,-2.3,-7.0,6.0,S
42,21090,10930,-131,-973,141,238.0,-189.0,-340.0,1.6,-7.9,-0.3,S
43,21120,10936,-148,-992,164,240.0,-186.0,-340.0,4.1,-2.5,1.2,S
44,21180,10943,-147,-1000,189,235.0,-186.0,-349.0,1.9,-3.5,-0.9,S
45,21241,10949,-130,-987,159,231.0,-186.0,-351.0,4.9,-2.5,1.5,S
46,21270,10955,-104,-995,174,231.0,-184.0,-351.0,2.5,-0.7,3.6,S
47,21330,10961,-134,-986,163,226.0,-184.0,-342.0,-3.0,-5.3,1.8,S
48,21391,10968,-145,-974,165,232.0,-186.0,-352.0,0.2,-2.8,3.4,S
49,21420,10974,-139,-984,213,222.0,-181.0,-348.0,1.5,-1.6,2.3,S
50,21480,10980,-159,-978,175,229.0,-181.0,-342.0,0.2,0.3,1.9,S
51,21556,10986,-137,-986,195,225.0,-184.0,-354.0,3.9,-0.4,-1.0,S
52,21570,10993,-114,-991,196,222.0,-186.0,-358.0,-1.2,3.7,0.7,S
53,21630,10999,-111,-992,193,223.0,-186.0,-358.0,-1.0,0.0,0.7,S
54,21690,11005,-132,-992,201,223.0,-181.0,-351.0,-1.8,0.1,3.0,S
55,21720,11011,-153,-998,217,228.0,-186.0,-342.0,-4.0,2.3,0.0,S
56,21781,11018,-150,-985,203,223.0,-187.0,-355.0,-4.6,1.4,-3.2,S
57,21840,11024,-124,-969,188,229.0,-192.0,-345.0,-4.4,5.8,-2.7,S
58,21870,11030,-178,-1009,246,228.0,-184.0,-355.0,1.2,1.1,1.0,S
59,21930,11036,-98,-967,164,228.0,-187.0,-361.0,-5.9,-2.4,-3.7,S
1,50581,14618,-12,-878,88,228.0,-196.0,-351.0,26.6,-9.0,17.7,S
2,50610,14624,239,-974,150,205.0,-190.0,-366.0,36.4,-18.7,15.8,S
3,50670,14630,348,-1056,197,190.0,-186.0,-376.0,29.8,-27.5,28.8,S
4,50730,14636,136,-1264,416,189.0,-195.0,-379.0,10.0,-52.2,54.5,S
5,50759,14643,-96,-1358,334,189.0,-195.0,-379.0,10.0,-52.2,54.5,S
6,50820,14649,-593,-1406,442,190.0,-193.0,-397.0,-34.0,-45.2,61.9,S
7,50880,14655,-822,-1365,432,204.0,-193.0,-388.0,-38.5,-24.9,22.4,S
8,50909,14661,-841,-1219,555,213.0,-198.0,-375.0,-58.5,20.2,9.5,S
9,50970,14668,-701,-989,273,235.0,-183.0,-349.0,-66.2,60.5,-11.8,S
10,51030,14674,-535,-749,128,253.0,-184.0,-322.0,-59.9,62.7,-14.4,S
11,51060,14680,-557,-627,153,268.0,-163.0,-286.0,-62.7,75.3,-9.7,S
12,51120,14686,-377,-416,-74,277.0,-154.0,-252.0,-31.8,98.4,-24.5,S
13,51180,14693,-319,-414,31,292.0,-150.0,-246.0,6.5,96.8,-19.6,S
14,51210,14699,-100,-336,-75,289.0,-147.0,-219.0,6.5,96.8,-19.6,S
15,51270,14705,43,-364,-46,286.0,-138.0,-219.0,55.2,82.9,-29.5,S
16,51330,14711,226,-509,89,289.0,-144.0,-231.0,76.3,59.9,-24.9,S
17,51360,14718,420,-731,270,261.0,-141.0,-249.0,80.4,42.7,-15.3,S
18,51420,14724,589,-871,426,258.0,-147.0,-277.0,77.0,-12.5,-9.2,S
19,51480,14730,623,-1026,336,235.0,-156.0,-301.0,65.3,-35.7,4.4,S
20,51510,14736,457,-1244,494,213.0,-153.0,-325.0,66.1,-51.3,8.1,S
21,51570,14743,267,-1186,339,201.0,-166.0,-352.0,18.9,-70.9,21.7,S
22,51630,14749,-113,-1332,536,189.0,-171.0,-369.0,13.5,-70.9,27.3,S
23,51660,14755,29,-1188,272,184.0,-183.0,-381.0,-16.3,-75.3,23.4,S
24,51720,14761,-194,-1228,390,181.0,-190.0,-396.0,-18.3,-77.2,32.4,S
25,51780,14768,-456,-1270,465,175.0,-190.0,-405.0,-21.0,-62.7,49.2,S
26,51810,14774,-509,-1187,451,189.0,-207.0,-403.0,-32.6,-54.2,28.6,S
27,51870,14780,-490,-1121,426,196.0,-213.0,-391.0,-48.5,-33.1,18.6,S
28,51930,14786,-563,-1058,339,214.0,-208.0,-382.0,-65.3,-8.4,16.2,S
29,51960,14793,-392,-919,237,214.0,-208.0,-382.0,-65.3,-8.4,16.2,S
30,52020,14799,-42,-741,109,247.0,-216.0,-345.0,-51.5,20.3,-21.8,S
31,52080,14805,14,-696,-76,246.0,-217.0,-321.0,-35.4,15.7,3.0,S
32,52110,14811,-13,-780,-37,259.0,-205.0,-310.0,-9.5,18.4,3.6,S
33,52170,14818,-32,-871,52,270.0,-211.0,-306.0,2.8,5.8,1.8,S
34,52230,14824,-82,-955,77,270.0,-211.0,-319.0,7.0,4.6,-1.8,S
35,52260,14830,-100,-1005,102,259.0,-205.0,-319.0,8.8,-3.8,-11.9,S
36,52320,14836,-113,-1036,119,261.0,-222.0,-322.0,3.9,-2.7,-11.1,S
37,52380,14843,-63,-1018,125,262.0,-216.0,-330.0,2.6,-4.4,-7.6,S
38,52409,14849,-91,-1010,136,252.0,-222.0,-328.0,-0.1,-0.7,3.7,S
39,52470,14855,-95,-995,97,256.0,-216.0,-330.0,1.0,-4.6,5.8,S
40,52530,14861,-114,-995,87,249.0,-219.0,-334.0,3.5,-3.0,-0.9,S
41,52560,14868,-78,-985,119,253.0,-216.0,-325.0,0.5,-0.7,0.8,S
42,52619,14874,-105,-1000,91,255.0,-216.0,-333.0,0.9,-2.1,1.4,S
43,52680,14880,-77,-1004,117,253.0,-213.0,-327.0,-0.2,-1.7,-2.1,S
44,52711,14886,-93,-1008,122,247.0,-219.0,-337.0,-2.2,-0.9,2.4,S
45,52770,14893,-96,-1017,115,252.0,-223.0,-333.0,-2.8,0.0,0.8,S
46,52830,14899,-101,-999,87,253.0,-226.0,-337.0,-2.5,-0.6,-1.6,S
47,52860,14905,-105,-995,99,255.0,-222.0,-334.0,-1.1,7.2,-2.3,S
48,52920,14911,-98,-976,85,247.0,-220.0,-333.0,-0.9,0.0,-5.3,S
49,52980,14918,-75,-977,113,252.0,-216.0,-328.0,0.5,6.5,-1.8,S
50,53010,14924,-58,-994,123,249.0,-220.0,-333.0,0.6,6.3,-7.2,S
51,53070,14930,-87,-994,86,250.0,-222.0,-327.0,1.4,4.9,-3.9,S
1,72659,17380,284,-1180,305,204.0,-175.0,-363.0,13.3,-30.8,46.9,S
2,72720,17386,-73,-1273,265,187.0,-171.0,-379.0,-8.7,-47.6,62.6,S
3,72780,17393,-374,-1364,376,190.0,-169.0,-385.0,-27.9,-55.5,61.3,S
4,72809,17399,-564,-1336,264,190.0,-169.0,-385.0,-27.9,-55.5,61.3,S
5,72869,17405,-644,-1347,225,211.0,-180.0,-366.0,-58.4,-15.4,5.9,S
6,72930,17411,-651,-1144,177,232.0,-181.0,-346.0,-68.6,32.7,6.5,S
7,72959,17418,-710,-926,137,259.0,-175.0,-307.0,-68.6,32.7,6.5,S
8,73020,17424,-689,-743,-15,267.0,-172.0,-277.0,-56.3,74.5,-26.4,S
9,73080,17430,-519,-652,119,285.0,-172.0,-250.0,-32.8,100.9,-31.8,S
10,73109,17436,-379,-448,-67,285.0,-172.0,-250.0,-32.8,100.9,-31.8,S
11,73170,17443,-168,-396,-32,307.0,-157.0,-210.0,-1.6,99.2,-28.3,S
12,73230,17449,25,-341,-125,310.0,-160.0,-193.0,22.6,100.5,-22.1,S
13,73260,17455,48,-484,-26,292.0,-160.0,-195.0,58.0,81.2,-7.0,S
14,73320,17461,77,-627,128,289.0,-145.0,-199.0,72.5,80.7,-10.2,S
15,73380,17468,336,-719,310,280.0,-142.0,-225.0,89.8,58.3,-21.0,S
16,73444,17474,591,-724,357,280.0,-142.0,-225.0,89.8,58.3,-21.0,S
17,73473,17480,638,-883,559,235.0,-136.0,-279.0,96.1,-20.0,-4.8,S
18,73529,17486,793,-1024,764,219.0,-138.0,-315.0,75.3,-51.4,42.1,S
19,73560,17493,270,-1250,653,187.0,-130.0,-340.0,51.1,-66.5,64.5,S
20,73620,17499,77,-1205,592,168.0,-142.0,-369.0,34.9,-90.5,53.2,S
21,73680,17505,-171,-1288,625,148.0,-151.0,-391.0,1.3,-100.8,42.9,S
22,73709,17511,-367,-1265,432,148.0,-163.0,-406.0,-9.3,-109.3,32.9,S
23,73770,17518,-478,-1221,350,151.0,-175.0,-415.0,-25.6,-67.7,36.7,S
24,73830,17524,-665,-1285,373,163.0,-193.0,-411.0,-29.2,-36.5,20.7,S
25,73859,17530,-515,-1169,442,177.0,-205.0,-405.0,-60.2,-29.6,-1.6,S
26,73919,17536,-471,-969,280,177.0,-205.0,-405.0,-63.7,-2.8,-12.2,S
27,73980,17543,-375,-816,209,219.0,-222.0,-376.0,-47.3,31.2,-30.6,S
28,74009,17549,-191,-658,162,219.0,-222.0,-376.0,-47.3,31.2,-30.6,S
29,74069,17555,157,-607,169,238.0,-208.0,-352.0,-6.5,40.8,-30.2,S
30,74130,17561,274,-760,221,241.0,-192.0,-343.0,5.3,37.9,-5.6,S
31,74160,17568,197,-929,207,234.0,-199.0,-349.0,12.1,9.5,-2.9,S
32,74220,17574,203,-1015,259,234.0,-199.0,-346.0,11.2,3.3,-1.4,S
33,74280,17580,82,-1035,250,231.0,-193.0,-351.0,6.4,-8.8,-3.4,S
34,74309,17586,88,-1010,210,231.0,-193.0,-351.0,6.4,-8.8,-3.4,S
35,74370,17593,31,-999,237,225.0,-201.0,-355.0,-2.8,-11.2,4.9,S
36,74430,17599,-38,-984,219,229.0,-207.0,-357.0,-3.1,-11.8,4.9,S
37,74459,17605,-36,-969,196,229.0,-201.0,-351.0,-5.0,-5.0,4.6,S
38,74519,17611,-3,-962,202,222.0,-204.0,-360.0,-0.4,-5.8,3.1,S
39,74579,17618,-29,-996,203,225.0,-204.0,-351.0,-0.4,2.5,5.7,S
40,74609,17624,-11,-1000,213,231.0,-199.0,-348.0,0.1,1.1,3.0,S
41,74670,17630,-24,-1007,222,226.0,-201.0,-352.0,-2.1,1.3,1.2,S
42,74730,17636,13,-983,237,226.0,-193.0,-355.0,-1.6,5.4,-3.5,S
43,74759,17643,-6,-975,227,225.0,-201.0,-351.0,-3.0,5.3,0.2,S
44,74820,17649,10,-960,204,228.0,-198.0,-348.0,-0.5,0.1,0.1,S
45,74880,17655,-20,-979,236,225.0,-202.0,-360.0,-1.4,0.2,2.6,S
46,74909,17661,-29,-994,260,219.0,-195.0,-354.0,-0.7,3.0,0.4,S
1,92460,19855,183,-810,50,235.0,-231.0,-340.0,36.6,-5.7,10.7,S
2,92520,19861,429,-873,133,225.0,-229.0,-360.0,53.4,-43.9,38.1,S
3,92580,19868,556,-1107,121,201.0,-222.0,-388.0,59.9,-36.2,89.5,S
4,92610,19874,-283,-1300,308,168.0,-201.0,-405.0,42.7,-58.5,185.6,S
5,92670,19880,-669,-1449,486,156.0,-187.0,-421.0,-7.0,-37.0,83.8,S
6,92730,19886,-959,-1338,496,168.0,-187.0,-420.0,-41.3,-9.8,41.4,S
7,92760,19893,-1012,-1222,411,186.0,-184.0,-406.0,-65.6,-2.4,-24.2,S
8,92820,19899,-776,-1016,454,211.0,-187.0,-379.0,-76.5,60.0,-61.6,S
9,92880,19905,-562,-783,205,240.0,-204.0,-348.0,-56.0,85.5,-69.8,S
10,92910,19911,-428,-647,214,264.0,-190.0,-327.0,-27.5,118.9,-38.5,S
11,92970,19918,-444,-560,62,268.0,-171.0,-297.0,-21.3,91.0,-20.3,S
12,93030,19924,-412,-523,159,279.0,-157.0,-271.0,-22.9,91.3,-23.4,S
13,93059,19930,-151,-435,-19,280.0,-162.0,-255.0,-4.7,71.8,-43.7,S
14,93120,19936,-173,-489,12,294.0,-160.0,-241.0,7.9,79.2,-27.0,S
15,93180,19943,54,-555,2,286.0,-153.0,-246.0,41.9,65.1,-45.2,S
16,93209,19949,358,-612,100,273.0,-165.0,-250.0,60.4,48.7,-34.5,S
17,93270,19955,602,-695,183,268.0,-160.0,-276.0,87.9,18.8,-19.3,S
18,93330,19961,452,-831,230,238.0,-162.0,-309.0,94.6,-17.2,28.4,S
19,93360,19968,532,-927,436,204.0,-150.0,-342.0,99.6,-37.1,40.5,S
20,93420,19974,290,-1097,617,168.0,-159.0,-376.0,67.2,-61.7,69.8,S
21,93480,19980,190,-1166,589,148.0,-159.0,-400.0,64.6,-67.4,44.7,S
22,93510,19986,-56,-1146,560,117.0,-166.0,-430.0,21.6,-75.0,45.0,S
23,93570,19993,-149,-1193,577,102.0,-177.0,-435.0,13.3,-99.5,29.4,S
24,93630,19999,-351,-1248,545,91.0,-187.0,-451.0,-18.6,-62.0,79.3,S
25,93660,20005,-414,-1256,563,99.0,-201.0,-460.0,-23.5,-48.7,39.1,S
26,93720,20011,-859,-1228,677,106.0,-208.0,-462.0,-44.5,-33.2,33.3,S
27,93780,20018,-717,-1132,672,127.0,-210.0,-445.0,-71.8,-5.3,14.2,S
28,93809,20024,-613,-868,520,159.0,-207.0,-424.0,-79.4,21.9,-12.2,S
29,93870,20030,-356,-629,296,189.0,-216.0,-403.0,-63.4,46.2,-54.7,S
30,93930,20036,-247,-542,224,204.0,-211.0,-388.0,-44.0,48.3,-44.2,S
31,93959,20043,-247,-542,224,204.0,-211.0,-388.0,-15.1,41.6,-22.7,S
32,94020,20049,77,-768,144,229.0,-207.0,-370.0,4.3,42.4,-18.0,S
33,94080,20055,99,-901,315,222.0,-207.0,-369.0,14.2,33.2,-20.1,S
34,94109,20061,176,-975,235,216.0,-204.0,-361.0,13.4,21.1,-19.8,S
35,94170,20068,140,-1017,200,205.0,-201.0,-369.0,11.6,4.9,-15.6,S
36,94230,20074,80,-1070,209,204.0,-205.0,-372.0,11.9,-0.5,-17.7,S
37,94260,20080,17,-1063,259,204.0,-205.0,-372.0,4.6,-5.5,-1.2,S
38,94320,20086,-21,-1043,254,204.0,-208.0,-378.0,-2.3,-4.7,2.3,S
39,94380,20093,-44,-997,246,211.0,-210.0,-379.0,-3.9,-7.7,0.8,S
40,94409,20099,-42,-968,240,202.0,-222.0,-375.0,-1.6,-6.5,0.8,S
41,94470,20105,-45,-954,252,208.0,-216.0,-381.0,0.5,-2.3,-0.5,S
42,94530,20111,-20,-926,210,210.0,-219.0,-382.0,2.2,-5.1,-1.7,S
43,94559,20118,-22,-974,278,204.0,-214.0,-379.0,0.0,4.5,-0.4,S
44,94620,20124,0,-984,302,205.0,-214.0,-384.0,0.8,4.4,-4.2,S
45,94680,20130,14,-981,301,207.0,-213.0,-387.0,1.1,1.0,-3.4,S
46,94709,20136,17,-970,271,204.0,-216.0,-385.0,-0.9,-2.0,-0.4,S
47,94769,20143,31,-966,273,201.0,-219.0,-378.0,-1.1,-1.2,-0.4,S
48,94829,20149,0,-972,287,199.0,-220.0,-373.0,-2.3,-6.2,-0.3,S
49,94859,20155,-12,-973,286,202.0,-216.0,-379.0,-3.7,0.9,2.5,S
50,94919,20161,-14,-965,251,202.0,-217.0,-381.0,-2.1,-4.9,0.4,S
51,94980,20168,-21,-967,248,199.0,-214.0,-385.0,-2.1,-1.0,0.3,S
52,95009,20174,-3,-952,228,196.0,-223.0,-388.0,0.2,1.4,-1.8,S
53,95069,20180,-6,-958,271,204.0,-228.0,-385.0,0.0,6.6,-1.2,S
54,95130,20186,36,-952,253,198.0,-229.0,-379.0,4.7,-0.9,-4.2,S
55,95159,20193,11,-973,302,198.0,-222.0,-388.0,2.8,3.0,-0.4,S
56,95220,20199,4,-980,296,195.0,-226.0,-387.0,0.9,-0.4,0.8,S
57,95280,20205,4,-976,306,201.0,-216.0,-384.0,-1.5,1.8,3.0,S
58,95309,20211,6,-948,280,192.0,-217.0,-394.0,1.4,-3.0,1.3,S
0,175479,30230,15,-998,153,228.0,-178.0,-339.0,18.9,-0.6,22.6,S
1,175499,30236,79,-1058,89,217.0,-169.0,-339.0,12.0,-13.7,29.4,S
2,175560,30243,100,-1177,231,207.0,-165.0,-355.0,3.7,-34.8,34.0,S
3,175619,30249,71,-1163,139,207.0,-165.0,-355.0,-11.0,-43.4,25.0,S
4,175649,30255,-96,-1195,199,208.0,-168.0,-366.0,-22.9,-50.4,29.6,S
5,175710,30261,-267,-1156,141,216.0,-178.0,-355.0,-24.6,-56.1,35.2,S
6,175769,30268,-595,-1240,257,216.0,-183.0,-355.0,-40.0,-24.2,44.1,S
7,175799,30274,-604,-1105,83,232.0,-171.0,-348.0,-46.4,-10.2,29.1,S
8,175859,30280,-651,-1074,50,237.0,-169.0,-336.0,-29.8,15.6,24.5,S
9,175919,30286,-677,-985,89,246.0,-166.0,-321.0,-39.7,45.7,10.2,S
10,175949,30293,-644,-835,-45,258.0,-151.0,-298.0,-42.7,49.3,7.0,S
11,176009,30299,-636,-801,56,268.0,-142.0,-270.0,-32.5,59.2,3.9,S
12,176069,30305,-531,-702,-12,274.0,-129.0,-258.0,-21.8,63.0,-26.4,S
13,176099,30311,-460,-641,-28,271.0,-120.0,-240.0,-12.8,70.3,-12.5,S
14,176159,30318,-304,-657,-39,280.0,-112.0,-208.0,-0.5,68.6,-25.4,S
15,176219,30324,-154,-677,-15,286.0,-118.0,-202.0,12.0,89.8,-20.4,S
16,176249,30330,-104,-654,-116,283.0,-111.0,-193.0,24.3,60.3,-22.9,S
17,176309,30336,-119,-684,-73,288.0,-109.0,-205.0,38.7,60.9,-11.6,S
18,176369,30343,-83,-726,77,276.0,-112.0,-193.0,56.7,57.3,-10.3,S
19,176399,30349,141,-674,40,280.0,-103.0,-213.0,62.5,42.2,-9.1,S
20,176459,30355,213,-815,94,258.0,-118.0,-228.0,72.8,26.2,-4.1,S
21,176519,30361,202,-860,125,253.0,-114.0,-250.0,60.2,-2.9,9.1,S
22,176549,30368,119,-975,182,238.0,-112.0,-271.0,62.0,-11.4,9.3,S
23,176609,30374,155,-1063,238,216.0,-108.0,-291.0,59.5,-30.8,9.2,S
24,176669,30380,138,-1060,371,193.0,-115.0,-321.0,51.9,-51.5,19.3,S
25,176699,30386,-95,-1190,479,184.0,-120.0,-340.0,33.6,-53.7,19.2,S
26,176759,30393,-91,-1133,404,168.0,-129.0,-358.0,18.8,-49.7,18.3,S
27,176819,30399,-50,-1106,425,165.0,-144.0,-375.0,14.1,-75.8,6.5,S
28,176849,30405,-73,-1073,352,150.0,-153.0,-402.0,8.3,-52.7,21.9,S
29,176909,30411,-145,-1087,431,145.0,-168.0,-414.0,13.4,-65.0,26.0,S
30,176969,30418,-145,-1087,431,138.0,-177.0,-424.0,-0.9,-51.3,25.2,S
31,176999,30424,-330,-1060,413,136.0,-183.0,-420.0,-7.8,-40.0,39.1,S
32,177059,30430,-297,-1060,440,130.0,-184.0,-426.0,-17.4,-38.0,29.6,S
33,177119,30436,-391,-1076,477,141.0,-198.0,-427.0,-28.2,-28.4,28.4,S
34,177149,30443,-408,-1023,438,151.0,-196.0,-429.0,-35.6,-15.6,19.0,S
35,177209,30449,-368,-923,357,163.0,-201.0,-418.0,-37.3,-4.7,7.2,S
36,177269,30455,-297,-861,340,168.0,-193.0,-412.0,-33.6,2.8,1.8,S
37,177299,30461,-236,-794,232,184.0,-204.0,-405.0,-33.1,7.4,-0.1,S
38,177360,30468,-204,-828,250,186.0,-199.0,-403.0,-21.7,6.5,-1.8,S
39,177423,30474,-207,-878,244,186.0,-199.0,-403.0,-14.7,8.1,-2.7,S
40,177452,30480,-173,-904,186,196.0,-189.0,-391.0,-8.8,9.9,-4.6,S
41,177509,30486,-164,-950,197,192.0,-193.0,-378.0,-5.3,9.5,-6.3,S
42,177569,30493,-177,-976,200,205.0,-193.0,-379.0,-4.9,8.0,-3.9,S
43,177599,30499,-157,-981,185,204.0,-193.0,-384.0,-4.1,8.1,-4.4,S
44,177659,30505,-129,-966,188,202.0,-192.0,-372.0,-4.5,9.1,-6.5,S
45,177719,30511,-142,-962,198,208.0,-189.0,-376.0,-6.0,9.9,-2.8,S
46,177749,30518,-106,-964,206,202.0,-184.0,-366.0,-4.2,5.6,-3.2,S
47,177809,30524,-135,-962,195,207.0,-183.0,-372.0,-3.3,5.1,-1.1,S
48,177869,30530,-131,-968,207,216.0,-187.0,-366.0,-3.7,-0.2,-1.2,S
49,177899,30536,-160,-960,202,211.0,-186.0,-373.0,-3.0,-1.9,-0.3,S
50,177959,30543,-185,-965,195,210.0,-190.0,-369.0,-2.2,-0.5,1.3,S
51,178019,30549,-197,-985,220,207.0,-180.0,-370.0,-0.8,0.4,0.4,S
52,178049,30555,-192,-977,204,207.0,-181.0,-369.0,-1.7,3.0,-0.4,S
53,178109,30561,-156,-967,199,207.0,-192.0,-369.0,-1.6,3.9,-2.7,S
54,178169,30568,-137,-967,200,211.0,-180.0,-376.0,-0.7,5.7,-1.2,S
55,178199,30574,-174,-987,210,213.0,-192.0,-378.0,-2.1,2.1,-1.5,S
56,178259,30580,-169,-973,196,204.0,-184.0,-366.0,-2.7,6.5,-3.8,S
57,178319,30586,-174,-969,200,205.0,-180.0,-369.0,-1.5,7.0,-5.1,S
58,178349,30593,-151,-949,167,213.0,-177.0,-373.0,0.0,7.0,-5.0,S
59,178409,30599,-169,-941,181,202.0,-186.0,-367.0,5.6,5.1,-6.0,S
60,178470,30605,-197,-917,168,205.0,-184.0,-370.0,14.2,2.8,-4.7,S
1,208619,34374,-88,-966,-6,264.0,-187.0,-286.0,2.9,-4.9,4.0,S
2,208649,34380,-42,-942,1,258.0,-195.0,-291.0,6.3,-8.8,2.3,S
3,208709,34386,24,-914,-1,256.0,-189.0,-294.0,13.4,-17.2,8.6,S
4,208769,34393,109,-915,13,247.0,-184.0,-318.0,29.4,-23.0,14.4,S
5,208798,34399,176,-989,114,234.0,-178.0,-325.0,36.9,-23.5,25.4,S
6,208859,34405,218,-1049,107,213.0,-183.0,-345.0,20.6,-41.7,55.6,S
7,208919,34411,-218,-1136,193,196.0,-168.0,-357.0,11.7,-57.4,86.7,S
8,208948,34418,-268,-1137,61,204.0,-171.0,-370.0,-6.9,-47.0,32.3,S
9,209009,34424,-466,-1246,198,202.0,-168.0,-367.0,-3.3,-30.9,39.2,S
10,209069,34430,-566,-1251,189,196.0,-168.0,-372.0,-20.6,-18.4,22.6,S
11,209098,34436,-677,-1272,207,208.0,-165.0,-355.0,-28.9,-4.7,20.7,S
12,209159,34443,-637,-1199,186,220.0,-172.0,-363.0,-45.0,6.4,3.0,S
13,209219,34449,-432,-1133,204,238.0,-159.0,-333.0,-51.3,35.2,13.6,S
14,209248,34455,-447,-900,73,255.0,-165.0,-312.0,-55.8,25.5,-7.5,S
15,209309,34461,-555,-755,-41,267.0,-147.0,-288.0,-44.5,58.4,16.9,S
16,209369,34468,-840,-756,0,261.0,-132.0,-268.0,-51.1,43.5,-5.4,S
17,209398,34474,-570,-591,-65,274.0,-124.0,-235.0,-41.9,77.7,-8.7,S
18,209459,34480,-525,-602,-11,286.0,-124.0,-211.0,-2.5,70.7,-30.8,S
19,209519,34486,-405,-587,-85,292.0,-118.0,-192.0,2.1,86.7,-35.1,S
20,209549,34493,-179,-539,-117,295.0,-120.0,-189.0,18.8,68.5,-25.9,S
21,209609,34499,-56,-526,-108,294.0,-118.0,-181.0,23.4,75.0,-17.7,S
22,209669,34505,-37,-623,-56,300.0,-120.0,-178.0,45.4,58.3,-8.2,S
23,209698,34511,36,-613,-61,292.0,-115.0,-196.0,51.9,39.9,-11.6,S
24,209759,34518,207,-648,-29,283.0,-118.0,-202.0,80.2,31.0,-11.2,S
25,209819,34524,198,-713,191,264.0,-112.0,-226.0,95.4,22.6,12.0,S
26,209849,34530,351,-877,386,243.0,-108.0,-264.0,103.6,-12.5,0.0,S
27,209909,34536,-145,-1281,720,219.0,-106.0,-297.0,74.4,-11.1,21.0,S
28,209969,34543,277,-1187,438,210.0,-109.0,-312.0,46.4,-13.5,11.2,S
29,209998,34549,92,-1219,449,181.0,-102.0,-325.0,26.5,-27.7,35.4,S
30,210059,34555,92,-1219,449,174.0,-100.0,-348.0,17.9,-36.7,38.8,S
31,210119,34561,-207,-1084,290,154.0,-106.0,-357.0,-20.0,-53.2,28.6,S
32,210149,34568,-243,-1162,350,159.0,-114.0,-370.0,-13.3,-58.3,10.8,S
33,210208,34574,-130,-1026,100,159.0,-124.0,-370.0,-34.5,-53.4,-7.3,S
34,210268,34580,-326,-1028,81,169.0,-142.0,-375.0,-31.2,-46.9,-25.1,S
35,210298,34586,-398,-1144,331,175.0,-148.0,-373.0,-15.4,-23.2,-9.5,S
36,210359,34593,-249,-1056,285,181.0,-159.0,-370.0,-17.0,-17.6,-33.6,S
37,210419,34599,-205,-1025,241,195.0,-172.0,-367.0,-31.9,-2.9,-3.8,S
38,210448,34605,-265,-1092,265,213.0,-168.0,-360.0,-29.6,-14.0,-3.7,S
39,210508,34611,-247,-1077,188,219.0,-175.0,-345.0,-40.2,-5.7,-1.4,S
40,210569,34618,-179,-1025,197,222.0,-175.0,-345.0,-34.4,-4.6,-1.4,S
41,210598,34624,-208,-988,148,226.0,-175.0,-340.0,-39.1,9.5,7.6,S
42,210659,34630,-362,-985,71,246.0,-171.0,-322.0,-38.2,13.0,6.6,S
43,210719,34636,-252,-875,43,246.0,-171.0,-304.0,-36.1,26.3,-9.8,S
44,210748,34643,-73,-833,69,262.0,-172.0,-303.0,-18.9,30.1,-4.8,S
45,210809,34649,-32,-857,6,265.0,-171.0,-291.0,-11.8,16.8,-5.2,S
46,210869,34655,-4,-925,60,261.0,-165.0,-277.0,-3.7,18.3,2.1,S
47,210898,34661,-33,-959,12,256.0,-153.0,-265.0,1.6,14.2,-1.0,S
48,210958,34668,-27,-1000,80,256.0,-153.0,-265.0,4.4,8.1,-1.1,S
49,211033,34674,-45,-1021,51,256.0,-163.0,-289.0,0.8,2.1,-0.1,S
50,211050,34680,-111,-1012,12,268.0,-159.0,-285.0,0.0,0.9,-0.4,S
51,211109,34686,-94,-1017,25,255.0,-159.0,-280.0,-1.4,1.9,-1.3,S
52,211169,34693,-98,-1010,14,259.0,-156.0,-280.0,-2.6,0.4,1.4,S
53,211198,34699,-116,-990,36,261.0,-162.0,-283.0,-1.1,-0.8,3.2,S
54,211259,34705,-151,-1011,32,252.0,-157.0,-280.0,-2.5,-1.4,2.3,S
55,211321,34711,-151,-1011,32,259.0,-156.0,-291.0,2.5,4.3,1.4,S
56,211348,34718,-120,-1000,52,259.0,-159.0,-283.0,-1.5,1.8,0.3,S
57,211408,34724,-120,-1000,52,259.0,-159.0,-283.0,0.9,0.4,-1.4,S
1,232168,37318,-54,-998,-23,273.0,-180.0,-283.0,1.1,3.2,0.9,S
2,232198,37324,-48,-965,-32,273.0,-186.0,-273.0,2.9,1.4,0.7,S
3,232259,37330,-29,-922,-41,267.0,-181.0,-282.0,8.6,-3.0,3.3,S
4,232319,37336,-60,-922,36,256.0,-187.0,-286.0,23.3,6.2,4.0,S
5,232348,37343,272,-924,45,261.0,-184.0,-298.0,31.1,-3.5,5.6,S
6,232409,37349,183,-1105,108,249.0,-171.0,-312.0,17.5,-42.2,35.0,S
7,232468,37355,135,-1217,39,238.0,-175.0,-318.0,11.0,-64.6,67.8,S
8,232498,37361,-461,-1444,122,223.0,-160.0,-330.0,-27.1,-60.6,57.4,S
9,232559,37368,-315,-1313,-25,240.0,-171.0,-333.0,-58.8,-27.3,0.6,S
10,232618,37374,-469,-1310,-40,244.0,-172.0,-313.0,-50.2,-21.9,35.0,S
11,232648,37380,-582,-1261,34,265.0,-160.0,-297.0,-56.2,16.8,28.5,S
12,232709,37386,-565,-1092,-35,282.0,-150.0,-274.0,-71.6,40.7,3.8,S
13,232768,37393,-507,-962,-113,291.0,-147.0,-235.0,-75.3,42.6,-14.9,S
14,232798,37399,-459,-797,-258,303.0,-141.0,-201.0,-58.5,36.6,17.8,S
15,232859,37405,-503,-847,-39,306.0,-133.0,-183.0,-40.9,49.5,12.8,S
16,232918,37411,-569,-627,-245,306.0,-124.0,-150.0,-33.7,59.3,1.6,S
17,232948,37418,-423,-599,-44,304.0,-120.0,-129.0,-8.6,64.8,-12.1,S
18,233009,37424,-296,-453,-197,306.0,-126.0,-108.0,3.4,79.1,-23.7,S
19,233068,37430,-193,-464,-155,315.0,-136.0,-97.0,21.4,88.2,-8.0,S
20,233098,37436,23,-398,-202,313.0,-132.0,-90.0,41.5,60.1,-2.7,S
21,233159,37443,16,-492,-141,316.0,-129.0,-100.0,64.4,58.3,-0.8,S
22,233218,37449,307,-647,-78,300.0,-126.0,-127.0,88.7,43.1,0.8,S
23,233248,37455,111,-932,40,297.0,-129.0,-156.0,79.9,29.5,13.5,S
24,233309,37461,200,-1040,166,288.0,-114.0,-177.0,77.1,8.3,-0.7,S
25,233368,37468,157,-1061,57,273.0,-115.0,-201.0,61.5,-4.6,26.3,S
26,233398,37474,452,-1138,146,261.0,-123.0,-237.0,58.5,-31.0,-17.4,S
27,233459,37480,248,-1192,185,243.0,-129.0,-268.0,40.6,-56.4,25.5,S
28,233518,37486,111,-1158,113,238.0,-126.0,-283.0,30.3,-70.4,28.3,S
29,233548,37493,117,-1185,285,219.0,-126.0,-310.0,22.8,-63.9,47.6,S
30,233609,37499,-280,-1202,208,202.0,-127.0,-322.0,6.4,-80.8,59.3,S
31,233668,37505,-282,-1156,195,192.0,-132.0,-345.0,5.9,-67.2,0.5,S
32,233698,37511,-289,-1109,187,195.0,-153.0,-355.0,2.8,-59.2,-34.1,S
33,233758,37518,-544,-1275,246,198.0,-174.0,-361.0,-0.7,-46.5,-31.2,S
34,233818,37524,-241,-1143,262,205.0,-187.0,-376.0,-15.8,-35.4,12.1,S
35,233848,37530,-407,-1069,224,211.0,-195.0,-372.0,-19.1,-34.1,9.5,S
36,233908,37536,-224,-1000,293,217.0,-207.0,-366.0,-22.4,-26.4,-0.9,S
37,233977,37543,-243,-914,193,226.0,-204.0,-361.0,-21.4,-11.3,5.8,S
38,234008,37549,-214,-874,141,226.0,-201.0,-366.0,-13.7,-4.2,3.0,S
39,234058,37555,-147,-873,116,228.0,-208.0,-355.0,-9.3,4.4,-1.0,S
40,234119,37561,-119,-910,100,229.0,-204.0,-355.0,-1.2,8.8,1.8,S
41,234148,37568,-134,-967,119,222.0,-204.0,-357.0,2.1,13.0,5.9,S
42,234208,37574,-81,-1017,179,220.0,-205.0,-366.0,4.0,6.5,-1.4,S
43,234268,37580,-91,-1015,154,217.0,-201.0,-360.0,-1.0,0.8,-3.2,S
44,234298,37586,-65,-1008,145,232.0,-204.0,-355.0,0.0,0.4,-2.8,S
45,234358,37593,-108,-996,156,223.0,-204.0,-354.0,-3.5,-0.1,-1.4,S
46,234418,37599,-108,-980,136,229.0,-202.0,-358.0,-3.5,-0.9,0.9,S
47,234448,37605,-113,-963,129,228.0,-198.0,-366.0,-1.3,-3.0,-0.4,S
48,234508,37611,-97,-968,148,219.0,-196.0,-355.0,0.4,2.2,2.1,S
49,234570,37618,-97,-968,148,223.0,-195.0,-352.0,-0.2,2.6,0.0,S
50,234598,37624,-112,-991,166,222.0,-196.0,-366.0,0.3,0.2,-0.2,S
51,234658,37630,-89,-984,188,222.0,-196.0,-366.0,-2.2,3.1,-0.7,S
52,234718,37636,-126,-963,147,228.0,-196.0,-360.0,-0.5,0.2,-0.2,S
53,234748,37643,-138,-957,128,226.0,-192.0,-366.0,2.5,3.5,-2.1,S
54,234808,37649,-173,-960,134,226.0,-196.0,-370.0,9.6,5.3,-9.2,S
55,234869,37655,-164,-912,136,219.0,-202.0,-366.0,16.3,10.7,-17.8,S
56,234898,37661,-81,-832,56,202.0,-210.0,-382.0,52.5,0.2,-36.1,S
57,234959,37668,-90,-877,242,181.0,-201.0,-409.0,84.3,17.0,-39.2,S
58,235019,37674,-2,-863,300,163.0,-213.0,-427.0,102.0,17.5,-40.4,S
59,235048,37680,6,-911,503,133.0,-208.0,-442.0,90.1,12.3,-12.1,S
0,257398,40474,-122,-984,117,234.0,-139.0,-307.0,4.3,-4.1,-1.9,S
1,257458,40480,-176,-998,94,228.0,-142.0,-313.0,3.2,-8.6,-2.6,S
2,257488,40486,-124,-1002,107,229.0,-144.0,-321.0,4.4,-4.7,-2.1,S
3,257548,40493,-140,-996,121,231.0,-148.0,-331.0,1.8,-4.2,-0.2,S
4,257608,40499,-135,-1005,124,231.0,-148.0,-331.0,2.1,-4.6,-0.8,S
5,257638,40505,-150,-1008,123,228.0,-148.0,-331.0,0.9,-2.5,1.0,S
6,257698,40511,-125,-991,128,231.0,-154.0,-328.0,-1.1,-1.5,0.4,S
7,257758,40518,-160,-995,114,226.0,-148.0,-331.0,-4.9,-5.8,0.1,S
8,257788,40524,-131,-982,108,222.0,-150.0,-328.0,-1.0,-3.0,0.5,S
9,257848,40530,-137,-986,108,219.0,-148.0,-328.0,-1.6,-4.1,2.5,S
10,257908,40536,-141,-991,139,226.0,-156.0,-333.0,-1.6,-4.1,2.5,S
11,257937,40543,-160,-998,134,226.0,-156.0,-333.0,-0.1,-6.5,1.3,S
12,258002,40549,-153,-994,129,226.0,-150.0,-331.0,-1.5,-2.0,-0.8,S
13,258058,40555,-139,-993,127,225.0,-160.0,-334.0,-0.4,-2.8,-0.9,S
14,258088,40561,-133,-984,139,235.0,-154.0,-325.0,-1.6,-0.9,1.7,S
15,258148,40568,-143,-973,121,229.0,-153.0,-331.0,-1.6,-3.4,1.5,S
16,258208,40574,-141,-955,112,229.0,-160.0,-331.0,0.3,-5.1,0.0,S
17,258238,40580,-161,-979,150,223.0,-163.0,-336.0,-0.4,0.1,0.0,S
18,258298,40586,-132,-968,133,231.0,-153.0,-336.0,0.6,-0.9,-1.3,S
19,258358,40593,-137,-971,145,223.0,-157.0,-333.0,3.7,-1.5,-2.9,S
20,258387,40599,-111,-974,160,223.0,-157.0,-333.0,3.7,-1.5,-2.9,S
21,258448,40605,-124,-997,167,211.0,-156.0,-343.0,2.3,-5.2,-0.5,S
22,258508,40611,-142,-981,144,223.0,-160.0,-346.0,3.0,-4.6,-1.9,S
23,258538,40618,-122,-996,172,213.0,-165.0,-349.0,5.2,-4.0,-2.9,S
24,258598,40624,-89,-977,168,214.0,-171.0,-352.0,-0.2,-6.5,1.2,S
25,258658,40630,-63,-961,188,213.0,-166.0,-345.0,4.7,-9.7,2.5,S
26,258687,40636,-97,-972,204,216.0,-169.0,-352.0,4.7,-9.7,2.5,S
27,258748,40643,-118,-971,193,204.0,-172.0,-352.0,3.0,-20.2,8.8,S
28,258808,40649,-136,-987,226,213.0,-175.0,-358.0,-0.8,-13.6,7.6,S
29,258838,40655,-88,-962,108,213.0,-169.0,-361.0,-0.7,-6.7,-1.4,S
30,258898,40661,-139,-1010,206,204.0,-180.0,-366.0,6.2,-11.2,2.6,S
31,258958,40668,-132,-997,189,199.0,-172.0,-370.0,2.1,-5.2,0.8,S
32,258988,40674,-76,-978,240,199.0,-175.0,-373.0,4.2,-7.6,5.1,S
33,274409,42599,-14,-994,37,199.0,-175.0,-373.0,4.2,-7.6,5.1,S
34,274438,42605,-16,-974,14,259.0,-204.0,-298.0,-1.8,0.2,2.1,S
35,274498,42611,-13,-963,11,259.0,-201.0,-295.0,1.1,-0.1,1.8,S
36,274558,42618,5,-933,11,268.0,-207.0,-312.0,3.9,0.2,2.4,S
37,274588,42624,54,-895,16,264.0,-207.0,-307.0,9.0,-3.0,6.7,S
38,274648,42630,160,-919,-18,252.0,-199.0,-315.0,21.1,-23.4,16.8,S
39,274708,42636,223,-968,48,244.0,-196.0,-327.0,24.7,-1.1,42.4,S
40,274738,42643,-23,-1144,121,232.0,-183.0,-330.0,9.8,0.9,44.3,S
41,274798,42649,-88,-1135,55,235.0,-183.0,-334.0,4.6,-8.4,27.9,S
42,274858,42655,-206,-1201,178,231.0,-172.0,-343.0,0.3,-19.9,17.3,S
43,274888,42661,-129,-1132,114,240.0,-175.0,-340.0,-6.3,-24.3,12.3,S
44,274948,42668,-224,-1228,149,238.0,-178.0,-342.0,-12.1,-27.3,4.7,S
45,275008,42674,-203,-1264,205,238.0,-192.0,-349.0,-30.1,-17.7,9.7,S
46,275038,42680,-172,-1162,111,250.0,-189.0,-336.0,-32.3,-11.3,12.6,S
47,275098,42686,-246,-1148,119,261.0,-177.0,-327.0,-47.9,3.7,29.6,S
48,275158,42693,-266,-1036,0,271.0,-174.0,-300.0,-48.8,6.0,29.1,S
49,275188,42699,-390,-1028,13,277.0,-160.0,-280.0,-50.4,11.6,25.6,S
50,275248,42705,-421,-938,-122,285.0,-154.0,-258.0,-56.3,19.3,14.8,S
51,275308,42711,-556,-950,-94,298.0,-151.0,-237.0,-44.6,33.3,27.8,S
52,275338,42718,-472,-914,-120,303.0,-141.0,-219.0,-44.8,24.6,0.6,S
53,275398,42724,-493,-819,-253,303.0,-132.0,-192.0,-39.3,35.2,-0.6,S
54,275458,42730,-404,-758,-188,298.0,-133.0,-177.0,-20.7,44.7,-13.0,S
55,275488,42736,-354,-669,-247,294.0,-123.0,-157.0,-17.7,42.2,-17.9,S
56,275548,42743,-269,-667,-208,301.0,-127.0,-150.0,-1.1,49.2,-20.0,S
57,275608,42749,-282,-668,-182,315.0,-133.0,-139.0,16.1,21.3,-36.6,S
58,275638,42755,-126,-631,-58,316.0,-138.0,-136.0,11.3,49.7,-21.9,S
59,275698,42761,-227,-632,-235,313.0,-153.0,-139.0,26.6,37.5,-29.3,S
60,275758,42768,-57,-655,-153,325.0,-162.0,-132.0,36.8,69.9,-34.5,S
61,275787,42774,204,-658,-100,328.0,-178.0,-148.0,55.3,58.8,-38.2,S
62,275848,42780,272,-744,-26,325.0,-178.0,-162.0,67.4,50.1,-15.7,S
63,275908,42786,326,-841,126,316.0,-174.0,-184.0,74.9,43.4,9.3,S
64,275938,42793,356,-995,147,301.0,-175.0,-210.0,65.3,15.4,8.0,S
65,275998,42799,339,-963,182,289.0,-165.0,-231.0,62.1,8.6,47.4,S
66,276058,42805,277,-1004,316,274.0,-150.0,-252.0,49.4,-18.4,19.1,S
67,276088,42811,191,-1042,506,243.0,-151.0,-274.0,52.9,-32.6,37.8,S
68,276148,42818,43,-1146,142,226.0,-136.0,-291.0,7.9,-31.8,32.5,S
69,276208,42824,-196,-1353,200,219.0,-130.0,-304.0,4.2,-9.5,14.0,S
70,276238,42830,-24,-1253,87,220.0,-135.0,-304.0,3.3,-24.0,-8.0,S
71,276298,42836,-132,-1256,119,220.0,-138.0,-312.0,0.0,-27.5,-2.3,S
72,276358,42843,68,-1180,278,213.0,-142.0,-322.0,0.0,-33.3,-3.7,S
73,276388,42849,-60,-1066,131,222.0,-148.0,-321.0,-17.9,-47.3,19.6,S
74,276449,42855,-96,-1028,129,214.0,-151.0,-334.0,-17.3,-51.3,17.4,S
75,276508,42861,-167,-1056,142,223.0,-160.0,-336.0,-15.0,-46.8,19.0,S
76,276538,42868,-169,-1058,113,226.0,-168.0,-346.0,-9.8,-46.9,12.5,S
77,276598,42874,-212,-1097,168,235.0,-166.0,-340.0,-22.0,-31.2,18.0,S
78,276658,42880,-193,-1095,130,231.0,-171.0,-343.0,-17.7,-34.4,5.3,S
79,276687,42886,-170,-1126,193,235.0,-180.0,-334.0,-17.7,-34.4,5.3,S
80,276758,42893,-213,-1105,164,253.0,-193.0,-327.0,-42.0,-25.0,6.7,S
81,276808,42899,-273,-1025,10,262.0,-181.0,-324.0,-50.6,-11.7,5.6,S
82,276838,42905,-353,-991,-28,267.0,-183.0,-298.0,-50.4,7.0,7.7,S
83,276897,42911,-366,-904,-101,267.0,-183.0,-298.0,-50.4,7.0,7.7,S
84,276958,42918,-191,-807,-86,285.0,-184.0,-259.0,-31.1,29.5,-9.3,S
85,276987,42924,-96,-775,-91,291.0,-180.0,-238.0,-23.3,29.2,-3.5,S
86,277048,42930,-22,-824,-56,294.0,-180.0,-231.0,-9.3,20.1,3.3,S
87,277108,42936,-37,-891,-72,291.0,-172.0,-232.0,-1.1,15.2,2.1,S
88,277138,42943,-66,-940,-84,294.0,-177.0,-238.0,5.9,10.1,-3.1,S
89,277198,42949,-49,-968,-85,291.0,-177.0,-235.0,6.6,8.8,-5.0,S
90,277258,42955,-39,-992,-91,295.0,-177.0,-234.0,8.5,5.7,-5.1,S
91,277288,42961,-86,-1021,-76,285.0,-174.0,-244.0,6.9,1.8,-4.0,S
92,277348,42968,-85,-1040,-49,294.0,-174.0,-243.0,6.3,0.7,-6.0,S
93,277408,42974,-53,-1032,-23,292.0,-174.0,-246.0,0.9,2.6,-3.0,S
94,277438,42980,-46,-993,-57,295.0,-180.0,-246.0,-1.4,0.6,-0.4,S
95,277497,42986,-68,-976,-67,288.0,-178.0,-252.0,-2.1,-0.2,1.8,S
96,277558,42993,-107,-982,-93,285.0,-186.0,-252.0,2.1,2.3,2.1,S
97,277587,42999,-92,-1003,-77,285.0,-186.0,-252.0,2.1,2.3,2.1,S
98,277678,43005,-87,-1020,-65,286.0,-180.0,-252.0,4.6,3.2,-3.2,S
99,277709,43011,-77,-1006,-70,283.0,-187.0,-256.0,0.2,1.0,-0.6,S
100,277737,43018,-70,-1003,-48,283.0,-187.0,-256.0,3.0,4.1,0.3,S
101,277798,43024,-41,-1003,-37,282.0,-181.0,-265.0,3.7,1.1,-1.8,S
102,277858,43030,-48,-1007,-26,280.0,-181.0,-255.0,0.7,4.4,0.2,S
1,311037,47180,-96,-999,60,255.0,-166.0,-301.0,2.1,-7.2,0.4,S
2,311097,47186,-118,-957,36,258.0,-175.0,-303.0,5.1,0.7,6.4,S
3,311158,47193,-110,-934,27,238.0,-169.0,-301.0,11.5,4.6,4.1,S
4,311187,47199,-52,-907,78,249.0,-171.0,-309.0,17.4,6.0,3.7,S
5,311247,47205,22,-931,68,240.0,-166.0,-313.0,22.1,3.9,5.3,S
6,311308,47211,94,-1022,139,225.0,-160.0,-318.0,17.4,-6.0,14.2,S
7,311337,47218,35,-1074,153,226.0,-154.0,-325.0,4.6,-16.3,29.8,S
8,311397,47224,-97,-1114,99,216.0,-147.0,-343.0,4.3,-27.5,28.1,S
9,311458,47230,-172,-1177,141,217.0,-150.0,-340.0,-4.4,-36.8,15.6,S
10,311487,47236,-233,-1149,121,217.0,-150.0,-340.0,-4.4,-36.8,15.6,S
11,311547,47243,-280,-1092,18,223.0,-153.0,-339.0,-22.5,-27.3,21.9,S
12,311608,47249,-394,-1111,70,214.0,-148.0,-345.0,-21.5,-17.9,23.6,S
13,311637,47255,-325,-1113,50,228.0,-147.0,-333.0,-19.9,-4.2,22.0,S
14,311697,47261,-374,-1110,141,229.0,-139.0,-334.0,-27.6,-7.1,20.9,S
15,311757,47268,-319,-1056,136,229.0,-139.0,-334.0,-37.2,-7.0,19.6,S
16,311787,47274,-354,-1000,80,249.0,-144.0,-312.0,-35.0,0.2,13.3,S
17,311847,47280,-532,-922,-29,258.0,-129.0,-303.0,-37.3,25.4,30.8,S
18,311908,47286,-629,-924,30,252.0,-117.0,-279.0,-28.8,28.0,19.3,S
19,311938,47293,-617,-822,-58,252.0,-115.0,-252.0,-29.1,38.9,-3.7,S
20,311997,47299,-514,-749,-66,265.0,-111.0,-247.0,-16.6,53.9,0.8,S
21,312057,47305,-566,-776,-16,271.0,-100.0,-231.0,-2.8,44.3,-16.9,S
22,312087,47311,-373,-702,-30,268.0,-94.0,-220.0,0.4,66.8,-16.5,S
23,312147,47318,-271,-642,-112,273.0,-96.0,-210.0,11.5,39.6,-34.0,S
24,312208,47324,-127,-677,-30,280.0,-94.0,-193.0,17.6,70.4,-25.7,S
25,312238,47330,-117,-662,-149,291.0,-100.0,-195.0,28.7,40.3,-24.9,S
26,312297,47336,-197,-778,-34,285.0,-106.0,-199.0,42.3,57.8,-15.1,S
27,312358,47343,-122,-831,53,277.0,-109.0,-208.0,52.7,54.3,-26.6,S
28,312387,47349,-26,-744,71,271.0,-108.0,-216.0,61.8,49.9,-18.6,S
29,312447,47355,175,-872,172,267.0,-123.0,-226.0,71.9,23.8,-16.5,S
30,312507,47361,274,-914,256,264.0,-117.0,-253.0,61.6,23.1,-10.2,S
31,312537,47368,252,-997,299,247.0,-111.0,-270.0,47.2,10.6,2.3,S
32,312597,47374,176,-1077,291,231.0,-115.0,-280.0,37.0,-15.6,14.7,S
33,312658,47380,37,-1179,307,217.0,-115.0,-301.0,21.8,-26.5,15.0,S
34,312687,47386,-40,-1174,271,202.0,-109.0,-319.0,12.4,-31.2,23.0,S
35,312747,47393,-77,-1139,227,207.0,-117.0,-327.0,3.9,-40.7,0.2,S
36,312808,47399,-90,-1127,320,195.0,-124.0,-331.0,-0.1,-24.7,-2.9,S
37,312837,47405,-137,-1031,171,193.0,-127.0,-336.0,-6.8,-27.7,-1.1,S
38,312897,47411,-75,-998,231,199.0,-141.0,-336.0,0.4,-19.6,-12.6,S
39,312957,47418,-48,-975,150,201.0,-145.0,-348.0,4.4,-27.0,-7.0,S
40,312987,47424,40,-970,235,198.0,-150.0,-349.0,3.7,-33.1,-16.5,S
41,313047,47430,-36,-1089,297,193.0,-162.0,-364.0,6.0,-36.4,7.4,S
42,313107,47436,-101,-1129,231,195.0,-163.0,-364.0,-3.2,-45.0,22.1,S
43,313137,47443,-185,-1167,281,193.0,-175.0,-375.0,-3.1,-50.8,18.9,S
44,313197,47449,-287,-1162,309,186.0,-174.0,-385.0,-17.2,-33.9,21.0,S
45,313257,47455,-374,-1187,330,195.0,-178.0,-379.0,-25.6,-25.9,15.3,S
46,313287,47461,-389,-1102,300,207.0,-181.0,-375.0,-43.1,-0.3,10.0,S
47,313347,47468,-277,-961,203,219.0,-180.0,-354.0,-44.3,14.0,-1.8,S
48,313407,47474,-190,-878,195,219.0,-180.0,-354.0,-35.4,30.1,-0.9,S
49,313437,47480,-124,-861,169,234.0,-169.0,-324.0,-28.1,29.8,-1.1,S
50,313497,47486,-40,-834,99,244.0,-165.0,-322.0,-24.9,26.8,-0.3,S
51,313557,47493,56,-834,99,250.0,-163.0,-315.0,-13.7,17.9,6.7,S
52,313587,47499,15,-899,97,250.0,-163.0,-315.0,-8.4,5.6,7.4,S
53,313647,47505,-60,-942,61,253.0,-153.0,-300.0,-3.9,-1.6,4.6,S
54,313707,47511,-83,-983,78,249.0,-151.0,-304.0,1.7,-2.3,0.1,S
55,313737,47518,-88,-999,65,249.0,-153.0,-307.0,-0.7,-1.0,-2.7,S
56,313797,47524,-101,-1012,80,256.0,-163.0,-298.0,0.4,-4.9,-3.4,S
57,313857,47530,-97,-1009,88,256.0,-163.0,-298.0,0.4,-4.9,-3.4,S
58,313887,47536,-97,-1017,123,247.0,-153.0,-309.0,-0.9,-1.8,-1.0,S
59,313947,47543,-66,-974,81,249.0,-160.0,-303.0,-1.0,2.5,-0.9,S
60,314008,47549,-93,-996,92,244.0,-157.0,-310.0,3.0,-0.4,1.5,S
61,314037,47555,-106,-982,102,244.0,-168.0,-307.0,4.1,2.2,1.7,S
62,314098,47561,-127,-997,109,243.0,-159.0,-321.0,4.4,1.4,-1.1,S
1,330147,49568,94,-1113,96,238.0,-174.0,-321.0,19.3,-28.4,15.7,S
2,330207,49574,-79,-1136,58,235.0,-180.0,-327.0,10.9,-35.4,30.4,S
3,330237,49580,-187,-1145,83,234.0,-178.0,-342.0,-0.2,-39.2,36.5,S
4,330297,49586,-169,-1098,111,231.0,-174.0,-337.0,-4.6,-33.2,25.3,S
5,330357,49593,-192,-1074,105,219.0,-181.0,-351.0,-6.5,-25.4,9.9,S
6,330387,49599,-228,-1049,99,229.0,-180.0,-342.0,-6.8,-27.7,27.0,S
7,330448,49605,-328,-1088,73,232.0,-177.0,-354.0,-9.7,-16.6,30.1,S
8,330508,49611,-333,-1101,90,226.0,-177.0,-343.0,-13.7,-7.7,8.2,S
9,330537,49618,-430,-1101,103,243.0,-177.0,-336.0,-35.4,10.3,19.6,S
10,330598,49624,-486,-1132,89,249.0,-162.0,-321.0,-41.5,21.5,9.3,S
11,330658,49630,-605,-1121,131,259.0,-162.0,-309.0,-45.6,27.7,10.0,S
12,330687,49636,-429,-945,7,271.0,-147.0,-291.0,-35.1,46.9,9.7,S
13,330747,49643,-161,-812,-64,279.0,-153.0,-270.0,-37.6,-13.5,-16.4,S
14,330808,49649,-508,-890,-22,280.0,-138.0,-247.0,-37.2,24.3,9.9,S
15,330837,49655,-398,-818,-135,283.0,-138.0,-244.0,-26.2,-2.7,-15.8,S
16,330898,49661,-402,-826,-76,288.0,-142.0,-222.0,1.8,24.0,-21.1,S
17,330957,49668,-339,-771,-52,289.0,-145.0,-219.0,7.2,38.2,-26.7,S
18,330988,49674,-268,-699,-110,289.0,-139.0,-223.0,-2.3,20.3,-26.9,S
19,331047,49680,-193,-698,-37,300.0,-154.0,-210.0,0.9,11.6,-22.7,S
20,331107,49686,-138,-629,-154,304.0,-159.0,-214.0,9.4,28.5,-19.1,S
21,331137,49693,-87,-575,-206,297.0,-156.0,-216.0,35.9,34.0,-28.7,S
22,331197,49699,-33,-678,-85,303.0,-156.0,-216.0,48.7,57.1,-25.6,S
23,331258,49705,79,-703,-32,297.0,-168.0,-237.0,59.2,53.6,-26.7,S
24,331287,49711,109,-810,16,286.0,-154.0,-252.0,67.1,48.6,-16.5,S
25,331348,49718,183,-890,113,270.0,-163.0,-273.0,64.4,30.0,-9.5,S
26,331407,49724,189,-1044,264,264.0,-165.0,-282.0,57.7,37.2,-20.7,S
27,331437,49730,221,-1049,266,247.0,-163.0,-303.0,57.4,10.2,-14.2,S
28,331497,49736,245,-1053,332,234.0,-165.0,-321.0,47.9,-5.6,-11.1,S
29,331557,49743,243,-1065,311,220.0,-172.0,-331.0,34.5,-24.2,5.3,S
30,331587,49749,186,-1026,261,202.0,-169.0,-351.0,21.0,-30.7,9.7,S
31,331647,49755,186,-1026,261,187.0,-175.0,-366.0,34.7,-37.8,21.6,S
32,331707,49761,73,-1128,396,180.0,-174.0,-378.0,9.6,-22.5,30.2,S
33,331737,49768,-13,-1156,445,174.0,-180.0,-384.0,18.9,-37.8,22.8,S
34,331798,49774,36,-1099,427,163.0,-189.0,-402.0,6.5,-41.3,30.3,S
35,331872,49780,-82,-1082,313,168.0,-183.0,-408.0,-2.3,-45.6,35.9,S
36,331903,49786,-182,-1130,379,159.0,-192.0,-417.0,-5.3,-50.1,24.2,S
37,331947,49793,-267,-1143,402,160.0,-208.0,-412.0,-16.3,-46.6,14.6,S
38,332007,49799,-183,-1047,390,172.0,-210.0,-414.0,-26.4,-32.0,12.1,S
39,332037,49805,-183,-955,305,183.0,-211.0,-414.0,-30.4,-31.8,8.1,S
40,332097,49811,-205,-941,319,187.0,-229.0,-411.0,-25.8,-19.1,10.7,S
41,332157,49818,-163,-907,250,199.0,-229.0,-402.0,-25.4,-13.6,4.8,S
42,332187,49824,-152,-950,315,204.0,-234.0,-403.0,-20.2,-5.6,9.1,S
43,332247,49830,-184,-968,291,211.0,-229.0,-402.0,-24.5,-7.4,5.0,S
44,332308,49836,-175,-955,252,213.0,-231.0,-396.0,-23.3,1.6,0.1,S
45,332337,49843,-175,-929,202,228.0,-241.0,-378.0,-20.2,9.0,-2.8,S
46,332397,49849,-115,-921,187,226.0,-226.0,-381.0,-16.8,10.3,-2.9,S
47,332460,49855,-85,-904,185,232.0,-231.0,-370.0,-12.3,11.4,-11.2,S
48,332487,49861,-110,-906,165,229.0,-231.0,-366.0,-9.1,10.5,-0.4,S
49,332547,49868,-49,-908,151,240.0,-231.0,-376.0,-0.6,5.3,-7.4,S
50,332607,49874,-52,-940,137,237.0,-231.0,-363.0,5.6,9.3,-7.2,S
51,332637,49880,-20,-951,147,229.0,-229.0,-369.0,9.7,4.9,-7.3,S
52,332698,49886,-22,-1005,197,222.0,-229.0,-373.0,9.4,6.3,-6.5,S
53,332757,49893,4,-1048,243,220.0,-235.0,-373.0,7.4,8.6,-5.8,S
54,332787,49899,-20,-1044,218,226.0,-222.0,-382.0,-0.1,2.8,-3.5,S
55,332847,49905,-17,-1020,201,226.0,-232.0,-367.0,-1.9,5.4,0.5,S
56,332907,49911,-22,-998,202,231.0,-222.0,-375.0,-4.2,3.0,0.2,S
57,332937,49918,-10,-974,216,228.0,-226.0,-376.0,-3.3,4.1,2.5,S
1,350487,52111,59,-937,41,238.0,-165.0,-315.0,29.2,-19.1,11.1,S
2,350547,52118,59,-937,41,238.0,-165.0,-315.0,26.0,-22.8,18.6,S
3,350577,52124,-66,-1169,116,219.0,-163.0,-342.0,22.1,-34.3,35.3,S
4,350637,52130,-120,-1260,140,223.0,-159.0,-360.0,1.3,-43.4,16.3,S
5,350697,52136,-290,-1246,146,219.0,-171.0,-348.0,-6.7,-27.1,28.2,S
6,350727,52143,-349,-1195,84,207.0,-172.0,-361.0,-21.8,-28.4,24.5,S
7,350787,52149,-408,-1183,118,222.0,-163.0,-346.0,-23.1,-18.2,24.6,S
8,350847,52155,-371,-1143,80,232.0,-163.0,-346.0,-34.7,8.8,4.7,S
9,350878,52161,-407,-1131,100,246.0,-151.0,-328.0,-33.5,23.0,10.8,S
10,350937,52168,-355,-1127,177,250.0,-151.0,-324.0,-61.6,11.6,-0.2,S
11,350997,52174,-387,-992,-100,261.0,-142.0,-295.0,-43.7,29.4,22.6,S
12,351027,52180,-672,-1113,306,261.0,-142.0,-295.0,-30.3,36.7,21.2,S
13,351087,52186,-622,-846,-119,276.0,-121.0,-250.0,-64.6,29.4,47.1,S
14,351147,52193,-584,-813,-3,270.0,-123.0,-234.0,-44.5,13.7,-1.1,S
15,351177,52199,-460,-657,-161,282.0,-118.0,-199.0,-37.2,49.9,-15.8,S
16,351237,52205,-472,-668,-135,285.0,-102.0,-186.0,-7.1,66.7,-9.4,S
17,351297,52211,-472,-668,-135,285.0,-102.0,-186.0,-1.5,75.3,-16.0,S
18,351327,52218,-244,-642,-138,292.0,-100.0,-153.0,14.0,62.3,-12.6,S
19,351387,52224,-214,-634,-206,292.0,-105.0,-144.0,12.8,60.6,-14.1,S
20,351447,52230,-190,-692,-192,298.0,-106.0,-142.0,39.5,61.5,-4.9,S
21,351477,52236,-132,-738,-128,295.0,-105.0,-141.0,48.4,54.6,-11.7,S
22,351537,52243,-15,-737,-125,292.0,-99.0,-156.0,51.3,43.8,-18.2,S
23,351598,52249,26,-773,-61,292.0,-106.0,-168.0,61.6,42.6,-11.3,S
24,351627,52255,111,-817,-30,292.0,-120.0,-186.0,74.3,24.2,-10.5,S
25,351687,52261,76,-1012,171,273.0,-109.0,-207.0,77.1,16.4,-5.6,S
26,351747,52268,167,-952,196,253.0,-112.0,-237.0,68.1,6.7,-3.3,S
27,351777,52274,193,-999,289,249.0,-115.0,-253.0,66.2,-3.8,-2.3,S
28,351837,52280,255,-939,243,235.0,-124.0,-276.0,66.2,-12.0,-5.3,S
29,351897,52286,-150,-1084,435,214.0,-121.0,-298.0,50.1,-26.1,7.8,S
30,351927,52293,90,-1091,340,210.0,-123.0,-316.0,28.9,-21.8,2.6,S
31,351987,52299,52,-1118,357,192.0,-123.0,-325.0,25.9,-30.8,5.6,S
32,352047,52305,91,-1078,340,187.0,-130.0,-345.0,21.0,-42.0,6.8,S
33,352077,52311,93,-1125,473,177.0,-132.0,-354.0,24.9,-57.1,5.1,S
34,352137,52318,185,-1066,465,172.0,-159.0,-375.0,8.5,-73.8,3.2,S
35,352202,52324,92,-1049,423,166.0,-168.0,-387.0,4.8,-69.3,29.7,S
36,352227,52330,-200,-1111,424,157.0,-172.0,-394.0,-11.4,-68.3,33.2,S
37,352287,52336,-247,-1125,405,165.0,-184.0,-397.0,-21.1,-54.8,29.4,S
38,352347,52343,-331,-1060,259,168.0,-192.0,-409.0,-21.9,-42.4,22.8,S
39,352377,52349,-342,-1026,327,168.0,-192.0,-409.0,-17.5,-30.1,18.4,S
40,352437,52355,-273,-1020,348,183.0,-202.0,-402.0,-22.3,-17.5,16.1,S
41,352497,52361,-200,-987,308,192.0,-210.0,-408.0,-23.8,-20.5,9.3,S
42,352527,52368,-173,-976,289,190.0,-205.0,-390.0,-27.7,-10.9,6.7,S
43,352587,52374,-161,-982,262,201.0,-205.0,-396.0,-24.2,-2.3,4.2,S
44,352647,52380,-236,-1019,281,213.0,-213.0,-390.0,-29.9,6.7,6.8,S
45,352677,52386,-218,-976,250,222.0,-198.0,-375.0,-31.1,9.5,-2.6,S
46,352737,52393,-157,-871,144,225.0,-201.0,-366.0,-29.8,18.7,-7.6,S
47,352797,52399,-116,-885,156,234.0,-205.0,-355.0,-20.0,18.6,-4.9,S
48,352827,52405,-100,-896,144,238.0,-207.0,-351.0,-14.9,17.3,-4.9,S
49,352887,52411,-74,-897,102,234.0,-190.0,-351.0,-8.2,11.5,-5.2,S
50,352948,52418,-64,-938,88,247.0,-196.0,-343.0,-4.2,12.2,-4.9,S
51,352977,52424,-40,-974,128,238.0,-189.0,-346.0,1.2,6.6,-5.2,S
52,353037,52430,-56,-989,128,240.0,-201.0,-342.0,-3.7,8.6,-0.9,S
53,353097,52436,-62,-1012,144,241.0,-199.0,-337.0,-1.0,5.3,-5.0,S
54,353127,52443,-41,-1012,147,244.0,-195.0,-340.0,-1.4,7.4,-1.1,S
55,353187,52449,-34,-1006,132,247.0,-193.0,-340.0,-0.6,4.3,-0.7,S
56,353247,52455,-61,-989,118,240.0,-198.0,-339.0,-2.9,5.8,1.7,S
57,353277,52461,-83,-988,142,244.0,-195.0,-336.0,-0.7,5.0,1.2,S
1,378447,55605,-68,-963,34,255.0,-184.0,-309.0,5.6,-0.7,0.9,S
2,378477,55611,-48,-936,35,244.0,-183.0,-310.0,10.3,-1.9,-0.4,S
3,378537,55618,-35,-946,44,244.0,-183.0,-310.0,20.2,-8.1,1.3,S
4,378597,55624,85,-970,97,238.0,-180.0,-325.0,22.1,-13.5,12.6,S
5,378626,55630,164,-1000,96,228.0,-177.0,-333.0,14.7,-32.3,16.8,S
6,378688,55636,235,-942,53,228.0,-187.0,-340.0,10.3,-31.4,34.3,S
7,378747,55643,-172,-1135,179,210.0,-174.0,-351.0,18.9,-20.4,54.3,S
8,378777,55649,-139,-1122,159,202.0,-171.0,-367.0,2.8,-28.0,23.9,S
9,378837,55655,-209,-1087,134,204.0,-166.0,-375.0,0.4,-26.0,27.8,S
10,378897,55661,-373,-1222,219,213.0,-171.0,-375.0,-13.9,-26.7,25.6,S
11,378927,55668,-439,-1243,174,205.0,-163.0,-364.0,-29.5,-24.2,8.9,S
12,378987,55674,-360,-1145,162,219.0,-177.0,-358.0,-37.3,-5.8,22.6,S
13,379047,55680,-509,-1092,80,231.0,-171.0,-361.0,-38.9,17.7,23.7,S
14,379077,55686,-549,-1177,240,249.0,-159.0,-342.0,-48.1,26.8,8.5,S
15,379137,55693,-423,-949,-17,262.0,-159.0,-303.0,-67.4,17.6,1.6,S
16,379198,55699,-455,-984,130,264.0,-145.0,-286.0,-58.5,24.0,17.0,S
17,379227,55705,-443,-826,-86,282.0,-148.0,-253.0,-56.8,40.6,17.5,S
18,379287,55711,-469,-758,-95,279.0,-123.0,-234.0,-39.9,36.5,-0.5,S
19,379347,55718,-501,-782,-127,283.0,-120.0,-223.0,-23.8,57.6,2.5,S
20,379377,55724,-476,-816,-43,288.0,-114.0,-190.0,-10.2,59.0,-9.0,S
21,379437,55730,-396,-698,-161,285.0,-111.0,-180.0,-14.7,57.4,-14.4,S
22,379497,55736,-275,-717,-81,295.0,-106.0,-165.0,-4.4,61.4,-16.3,S
23,379527,55743,-258,-632,-226,295.0,-108.0,-141.0,-6.0,55.0,-13.0,S
24,379587,55749,-202,-647,-240,300.0,-109.0,-129.0,21.9,56.4,-11.6,S
25,379647,55755,-154,-625,-199,303.0,-118.0,-129.0,35.8,59.0,-16.8,S
26,379677,55761,92,-578,-184,300.0,-124.0,-145.0,53.9,42.2,-26.6,S
27,379737,55768,130,-685,-71,301.0,-127.0,-154.0,68.7,39.9,-5.8,S
28,379797,55774,110,-828,15,282.0,-118.0,-184.0,76.0,18.9,1.2,S
29,379826,55780,-30,-972,61,271.0,-115.0,-204.0,66.5,1.2,-7.7,S
30,379887,55786,159,-938,54,268.0,-118.0,-228.0,55.0,-12.8,0.7,S
31,379947,55793,196,-994,72,252.0,-133.0,-256.0,59.2,-19.1,-11.7,S
32,379977,55799,90,-1043,168,243.0,-132.0,-274.0,59.0,-17.7,1.7,S
33,380037,55805,101,-1095,222,225.0,-136.0,-298.0,50.0,-29.4,1.0,S
34,380097,55811,-2,-1123,242,211.0,-141.0,-315.0,49.3,-35.2,10.2,S
35,380126,55818,29,-1173,378,199.0,-142.0,-336.0,40.7,-37.9,9.0,S
36,380187,55824,92,-1136,373,180.0,-139.0,-357.0,29.5,-34.9,9.2,S
37,380247,55830,-14,-1098,392,174.0,-159.0,-367.0,16.8,-42.4,23.5,S
38,380277,55836,-3,-1038,373,165.0,-154.0,-385.0,19.1,-46.4,25.1,S
39,380337,55843,-238,-1060,293,147.0,-154.0,-396.0,-0.9,-48.3,40.6,S
40,380397,55849,-72,-992,334,145.0,-165.0,-403.0,4.8,-56.2,21.6,S
41,380426,55855,-285,-1076,391,144.0,-168.0,-414.0,2.1,-50.6,28.3,S
42,380486,55861,-301,-1097,412,138.0,-180.0,-427.0,-4.2,-51.2,14.9,S
43,380547,55868,-286,-1085,400,148.0,-189.0,-429.0,-16.3,-32.9,11.8,S
44,380577,55874,-361,-1067,412,151.0,-205.0,-435.0,-25.9,-30.8,22.1,S
45,380637,55880,-348,-1035,410,165.0,-207.0,-427.0,-32.3,-25.7,10.5,S
46,380696,55886,-362,-971,360,177.0,-205.0,-430.0,-42.6,-7.1,7.3,S
47,380727,55893,-241,-928,341,184.0,-210.0,-409.0,-38.1,7.0,-4.4,S
48,380787,55899,-214,-907,275,193.0,-211.0,-405.0,-36.3,17.4,-6.0,S
49,380847,55905,-206,-885,247,204.0,-204.0,-381.0,-33.4,24.0,-6.1,S
50,380877,55911,-130,-866,201,219.0,-205.0,-376.0,-26.3,29.4,-5.6,S
51,380937,55918,-88,-852,141,229.0,-193.0,-360.0,-20.3,21.8,-9.9,S
52,380997,55924,-74,-866,118,228.0,-187.0,-351.0,-13.7,24.0,-4.9,S
53,381027,55930,-21,-902,124,231.0,-187.0,-357.0,-2.2,11.8,-7.9,S
54,381087,55936,-26,-930,128,231.0,-195.0,-358.0,2.6,8.6,-3.4,S
55,381147,55943,-79,-987,146,234.0,-186.0,-354.0,4.1,3.1,-4.9,S
56,381177,55949,-122,-1017,176,222.0,-187.0,-361.0,2.1,1.3,-2.4,S
57,381237,55955,-127,-993,150,237.0,-189.0,-352.0,1.7,2.1,-4.1,S
58,381297,55961,-134,-1001,157,222.0,-183.0,-358.0,1.2,2.8,-5.2,S
59,381327,55968,-94,-993,151,229.0,-192.0,-360.0,0.4,4.6,-3.5,S
60,381387,55974,-104,-969,150,228.0,-187.0,-354.0,1.8,1.2,-2.0,S
61,381447,55980,-107,-970,190,225.0,-187.0,-354.0,7.7,-0.2,-3.9,S
62,381476,55986,-108,-942,149,211.0,-190.0,-358.0,8.8,1.1,-7.0,S
63,381537,55993,-101,-905,147,208.0,-189.0,-372.0,23.5,-2.2,-12.1,S
64,381597,55999,-86,-833,89,204.0,-205.0,-381.0,51.3,-16.8,-17.5,S
65,381627,56005,-39,-804,185,181.0,-210.0,-405.0,93.9,-24.7,-12.0,S
66,381687,56011,0,-811,411,144.0,-217.0,-438.0,132.9,-31.6,-7.9,S
1,401126,58443,119,-884,78,235.0,-211.0,-355.0,25.5,-3.3,20.5,S
2,401187,58449,190,-976,177,222.0,-216.0,-361.0,31.6,-21.7,32.1,S
3,401247,58455,134,-1036,227,204.0,-198.0,-379.0,34.8,-18.2,55.5,S
4,401276,58461,-76,-1167,318,193.0,-199.0,-381.0,17.2,-22.1,40.5,S
5,401337,58468,-128,-1177,264,187.0,-180.0,-388.0,2.8,-25.7,47.2,S
6,401397,58474,-232,-1119,230,187.0,-184.0,-403.0,0.0,-28.4,35.1,S
7,401427,58480,-408,-1174,255,183.0,-186.0,-400.0,-8.9,-25.4,37.7,S
8,401487,58486,-425,-1238,294,195.0,-190.0,-399.0,-32.4,-18.6,19.4,S
9,401547,58493,-420,-1208,268,204.0,-195.0,-387.0,-50.1,2.2,12.6,S
10,401577,58499,-351,-1115,231,216.0,-187.0,-376.0,-51.8,14.9,10.3,S
11,401637,58505,-254,-978,131,231.0,-193.0,-349.0,-61.0,23.2,-6.3,S
12,401697,58511,-288,-1027,158,247.0,-178.0,-334.0,-64.9,15.1,10.5,S
13,401727,58518,-434,-880,-17,271.0,-169.0,-301.0,-59.7,19.9,21.6,S
14,401787,58524,-504,-918,36,270.0,-154.0,-291.0,-30.2,33.8,19.7,S
15,401847,58530,-515,-908,76,276.0,-157.0,-261.0,-39.4,44.5,10.5,S
16,401877,58536,-372,-800,-56,280.0,-135.0,-249.0,-35.9,52.5,-7.7,S
17,401937,58543,-333,-780,-129,289.0,-130.0,-217.0,-27.0,55.3,-9.8,S
18,401997,58549,-296,-747,-93,286.0,-132.0,-202.0,-16.6,52.0,-8.8,S
19,402027,58555,-206,-723,-164,288.0,-118.0,-184.0,-12.1,56.7,-3.0,S
20,402087,58561,-218,-712,-250,297.0,-117.0,-174.0,6.5,47.0,-6.0,S
21,402147,58568,-194,-731,-199,298.0,-109.0,-163.0,19.8,47.0,-7.8,S
22,402177,58574,-93,-706,-171,292.0,-115.0,-166.0,37.6,46.3,-7.2,S
23,402237,58580,-99,-695,-159,291.0,-120.0,-174.0,44.0,43.8,-13.1,S
24,402297,58586,-25,-688,-95,271.0,-112.0,-186.0,58.2,37.8,-6.5,S
25,402326,58593,83,-773,-72,271.0,-112.0,-186.0,67.5,27.9,-8.6,S
26,402387,58599,41,-830,5,268.0,-114.0,-216.0,68.3,27.8,3.0,S
27,402447,58605,-61,-1000,189,258.0,-108.0,-243.0,75.1,0.4,-19.8,S
28,402477,58611,77,-1063,337,250.0,-112.0,-262.0,63.9,13.0,-14.0,S
29,402537,58618,180,-1013,345,231.0,-124.0,-282.0,62.3,-1.7,-10.5,S
30,402597,58624,-19,-1097,335,217.0,-121.0,-304.0,47.6,-18.5,1.9,S
31,402627,58630,33,-1029,355,201.0,-121.0,-330.0,36.0,-9.5,14.6,S
32,402687,58636,-89,-1116,373,178.0,-117.0,-339.0,32.5,-24.2,6.0,S
33,402747,58643,43,-1092,387,177.0,-126.0,-354.0,22.8,-23.9,5.2,S
34,402777,58649,-21,-1042,387,171.0,-129.0,-360.0,23.1,-41.3,4.4,S
35,402837,58655,140,-985,420,165.0,-147.0,-378.0,24.7,-53.6,-12.0,S
36,402897,58661,-61,-1042,464,151.0,-148.0,-393.0,10.1,-42.1,24.9,S
37,402927,58668,-1,-930,415,147.0,-154.0,-400.0,1.9,-39.1,27.1,S
38,402987,58674,-94,-1005,428,136.0,-165.0,-408.0,9.5,-50.9,14.1,S
39,403046,58680,-99,-997,362,136.0,-174.0,-415.0,3.4,-39.2,6.3,S
40,403077,58686,-129,-1024,461,127.0,-174.0,-417.0,4.1,-37.6,16.5,S
41,403136,58693,-154,-984,411,127.0,-174.0,-417.0,-9.5,-28.7,6.3,S
42,403197,58699,-192,-970,395,136.0,-198.0,-435.0,-9.5,-27.3,3.2,S
43,403226,58705,-161,-963,411,142.0,-204.0,-427.0,-6.8,-24.6,-1.6,S
44,403287,58711,-156,-994,403,150.0,-213.0,-430.0,-14.2,-15.6,11.6,S
45,403347,58718,-142,-981,406,157.0,-213.0,-429.0,-21.3,-16.0,0.0,S
46,403376,58724,-109,-983,403,153.0,-208.0,-436.0,-20.6,-8.1,2.0,S
47,403437,58730,-69,-969,360,160.0,-214.0,-432.0,-24.0,-7.3,0.0,S
48,403496,58736,-88,-987,368,168.0,-220.0,-430.0,-25.6,-4.7,-0.5,S
49,403526,58743,-117,-971,349,168.0,-220.0,-430.0,-30.2,1.5,0.7,S
50,403587,58749,-157,-958,340,186.0,-220.0,-408.0,-31.7,8.0,-3.4,S
51,403647,58755,-81,-867,277,202.0,-217.0,-394.0,-32.9,10.5,-6.6,S
52,403680,58761,-37,-807,207,211.0,-225.0,-385.0,-24.0,14.0,-4.6,S
53,403737,58768,-16,-812,179,217.0,-211.0,-385.0,-8.4,13.0,-4.9,S
54,403797,58774,0,-862,169,211.0,-207.0,-387.0,5.3,15.8,-4.6,S
55,403826,58780,27,-944,226,207.0,-204.0,-391.0,10.7,9.1,-7.0,S
56,403887,58786,45,-988,252,198.0,-211.0,-387.0,7.9,6.5,-2.2,S
57,403947,58793,28,-1044,314,186.0,-208.0,-391.0,3.3,4.6,0.5,S
58,403977,58799,-11,-1002,265,202.0,-202.0,-393.0,-2.0,-1.4,2.5,S
59,404037,58805,-44,-997,278,190.0,-207.0,-385.0,-3.5,-0.3,2.5,S
0,430234,62080,-26,-991,135,237.0,-202.0,-336.0,2.3,0.3,5.6,S
1,430286,62086,-1,-962,134,232.0,-208.0,-345.0,3.9,-3.3,6.1,S
2,430347,62093,-42,-938,111,226.0,-204.0,-345.0,9.5,-6.2,5.3,S
3,430376,62099,38,-952,105,231.0,-208.0,-346.0,9.5,-6.2,5.3,S
4,430437,62105,181,-994,180,226.0,-210.0,-363.0,20.5,-0.2,9.7,S
5,430497,62111,168,-1009,175,210.0,-202.0,-361.0,14.9,-14.7,28.7,S
6,430526,62118,86,-1052,166,202.0,-190.0,-372.0,14.9,-14.7,28.7,S
7,430586,62124,-120,-1129,247,195.0,-193.0,-385.0,5.1,-19.1,46.2,S
8,430647,62130,-192,-1085,134,195.0,-181.0,-384.0,-5.6,-20.4,39.4,S
9,430676,62136,-192,-1085,134,199.0,-174.0,-382.0,-5.6,-20.4,39.4,S
10,430737,62143,-307,-1111,158,190.0,-172.0,-390.0,-8.0,-20.0,31.8,S
11,430796,62149,-331,-1184,292,193.0,-183.0,-385.0,-13.7,-12.2,23.4,S
12,430826,62155,-344,-1064,170,202.0,-184.0,-379.0,-31.2,-8.5,6.0,S
13,430886,62161,-360,-1181,305,214.0,-186.0,-381.0,-27.6,4.6,18.0,S
14,430946,62168,-397,-1079,186,225.0,-178.0,-366.0,-45.5,8.9,5.1,S
15,430976,62174,-510,-1082,177,234.0,-172.0,-354.0,-41.1,24.7,10.7,S
16,431037,62180,-501,-1045,151,256.0,-160.0,-328.0,-41.1,24.7,10.7,S
17,431096,62186,-340,-929,72,264.0,-159.0,-304.0,-33.6,57.7,4.0,S
18,431126,62193,-230,-865,93,279.0,-151.0,-289.0,-45.9,19.6,3.8,S
19,431186,62199,-510,-881,7,283.0,-148.0,-255.0,-52.6,35.2,-2.9,S
20,431246,62205,-383,-743,-108,286.0,-139.0,-229.0,-38.0,39.7,-14.7,S
21,431276,62211,-350,-724,-91,291.0,-139.0,-207.0,-25.9,60.9,-4.4,S
22,431336,62218,-244,-702,-133,295.0,-132.0,-208.0,-12.8,52.7,-8.4,S
23,431396,62224,-220,-715,-173,297.0,-121.0,-189.0,-4.8,53.4,-2.4,S
24,431426,62230,-172,-710,-166,294.0,-124.0,-177.0,4.9,43.5,-4.4,S
25,431486,62236,-146,-693,-205,288.0,-120.0,-171.0,16.8,46.7,0.1,S
26,431546,62243,-163,-700,-188,292.0,-115.0,-169.0,45.4,48.9,-3.2,S
27,431576,62249,-133,-742,-121,285.0,-111.0,-181.0,59.5,39.2,-12.6,S
28,431636,62255,21,-799,5,276.0,-115.0,-204.0,73.1,38.5,-20.6,S
29,431696,62261,121,-865,59,273.0,-123.0,-210.0,66.3,25.1,-28.9,S
30,431726,62268,73,-938,116,267.0,-117.0,-243.0,67.1,17.4,-18.0,S
31,431786,62274,13,-950,140,255.0,-129.0,-261.0,63.4,19.7,-17.9,S
32,431846,62280,173,-999,225,237.0,-126.0,-280.0,56.2,8.4,-21.8,S
33,431876,62286,144,-1055,356,235.0,-136.0,-292.0,51.2,1.4,0.4,S
34,431936,62293,150,-1087,347,222.0,-144.0,-316.0,35.7,-27.7,9.1,S
35,431996,62299,69,-1076,331,198.0,-141.0,-321.0,32.9,-27.5,12.6,S
36,432026,62305,88,-1054,313,199.0,-142.0,-343.0,33.1,-38.2,5.3,S
37,432086,62311,10,-1082,411,187.0,-151.0,-358.0,22.4,-35.9,6.5,S
38,432146,62318,11,-1070,401,172.0,-162.0,-370.0,23.4,-50.8,1.8,S
39,432176,62324,114,-1052,466,166.0,-169.0,-384.0,0.4,-44.3,25.3,S
40,432240,62330,-99,-1093,302,166.0,-172.0,-408.0,-6.3,-58.3,38.9,S
41,432296,62336,-164,-1058,342,160.0,-181.0,-400.0,-10.6,-53.2,29.6,S
42,432326,62343,-183,-1003,272,162.0,-181.0,-406.0,-3.8,-43.4,21.1,S
43,432387,62349,-176,-999,301,160.0,-190.0,-408.0,1.0,-41.5,4.2,S
44,432446,62355,-151,-1022,351,165.0,-201.0,-415.0,-4.5,-31.5,8.6,S
45,432476,62361,-214,-1061,415,162.0,-205.0,-426.0,-5.4,-26.6,15.0,S
46,432537,62368,-149,-1031,336,159.0,-210.0,-432.0,-9.1,-27.7,15.1,S
47,432596,62374,-128,-1065,358,166.0,-225.0,-435.0,-14.7,-22.1,9.5,S
48,432626,62380,-173,-1074,337,177.0,-223.0,-430.0,-23.5,-10.9,13.5,S
49,432686,62386,-216,-1086,379,180.0,-222.0,-417.0,-27.0,-5.7,7.4,S
50,432746,62393,-190,-996,325,198.0,-232.0,-415.0,-39.4,2.1,1.4,S
51,432776,62399,-127,-900,268,205.0,-228.0,-399.0,-35.4,6.9,0.0,S
52,432836,62405,-113,-857,239,217.0,-219.0,-379.0,-34.0,13.0,3.2,S
53,432896,62411,-70,-868,219,222.0,-214.0,-379.0,-34.0,13.0,3.2,S
54,432926,62418,-43,-857,186,219.0,-216.0,-370.0,-20.7,12.6,0.0,S
55,432986,62424,-36,-855,131,232.0,-211.0,-360.0,-12.0,12.5,0.6,S
56,433046,62430,-13,-915,137,234.0,-210.0,-367.0,-2.5,8.8,-4.6,S
57,433076,62436,-26,-975,145,238.0,-214.0,-366.0,-1.7,5.0,-1.9,S
58,433137,62443,-49,-991,109,229.0,-210.0,-370.0,-1.7,5.0,-1.9,S
59,433196,62449,-55,-1017,152,223.0,-207.0,-363.0,-0.9,7.4,-3.7,S
60,433226,62455,-66,-1010,151,228.0,-207.0,-363.0,-2.3,5.2,-2.5,S
61,433287,62461,-56,-1005,178,235.0,-205.0,-364.0,-3.5,7.7,0.3,S
62,433346,62468,-32,-978,168,228.0,-208.0,-360.0,-4.0,5.6,1.5,S
63,433376,62474,-149,-963,171,232.0,-205.0,-358.0,1.8,-0.8,2.5,S
0,449859,64530,-24,-935,54,246.0,-198.0,-319.0,9.2,-7.2,0.4,S
1,449876,64536,41,-904,10,235.0,-201.0,-328.0,18.2,-27.3,-1.1,S
2,449937,64543,71,-942,59,231.0,-207.0,-339.0,29.8,-10.3,14.5,S
3,450026,64549,71,-942,59,213.0,-195.0,-357.0,35.4,-15.2,20.0,S
4,450060,64555,113,-1040,204,208.0,-199.0,-372.0,32.6,-22.1,29.6,S
5,450086,64561,2,-1111,213,199.0,-198.0,-382.0,18.4,-23.5,36.9,S
6,450146,64568,-68,-1139,244,192.0,-195.0,-382.0,18.4,-23.5,36.9,S
7,450176,64574,-188,-1143,293,193.0,-189.0,-385.0,0.6,-17.0,40.8,S
8,450236,64580,-336,-1051,211,193.0,-184.0,-396.0,-14.9,-25.9,26.1,S
9,450296,64586,-384,-1083,160,193.0,-184.0,-388.0,-16.5,-14.2,24.3,S
10,450326,64593,-384,-1083,160,202.0,-196.0,-378.0,-16.5,-14.2,24.3,S
11,450386,64599,-288,-1230,293,207.0,-202.0,-382.0,-31.2,3.8,10.0,S
12,450447,64605,-317,-1112,173,220.0,-187.0,-372.0,-48.4,17.4,23.0,S
13,450476,64611,-340,-1049,158,235.0,-178.0,-354.0,-60.4,13.3,11.0,S
14,450537,64618,-345,-939,37,259.0,-177.0,-333.0,-60.1,19.8,23.3,S
15,450596,64624,-397,-866,59,259.0,-168.0,-310.0,-51.4,9.7,20.6,S
16,450626,64630,-526,-836,-36,277.0,-156.0,-292.0,-42.0,28.7,8.6,S
17,450687,64636,-478,-887,4,280.0,-154.0,-268.0,-38.0,36.0,-9.1,S
18,450747,64643,-400,-902,0,283.0,-145.0,-252.0,-31.0,43.4,-12.7,S
19,450776,64649,-405,-836,-35,289.0,-144.0,-232.0,-16.5,28.0,-24.5,S
20,450837,64655,-390,-831,-60,297.0,-144.0,-225.0,-13.7,64.5,-10.0,S
21,450896,64661,-285,-774,-82,298.0,-148.0,-204.0,-9.4,48.5,-24.3,S
22,450926,64668,-229,-706,-79,300.0,-144.0,-189.0,-4.4,72.2,-12.9,S
23,450986,64674,-189,-679,-185,304.0,-139.0,-186.0,-2.4,56.2,-12.3,S
24,451047,64680,-193,-647,-196,303.0,-136.0,-166.0,10.7,61.6,-6.0,S
25,451076,64686,-119,-655,-156,307.0,-139.0,-160.0,26.5,57.5,-14.1,S
26,451137,64693,-1,-715,-182,297.0,-138.0,-163.0,37.9,59.1,-21.4,S
27,451197,64699,144,-807,-112,301.0,-136.0,-168.0,42.4,49.9,-19.3,S
28,451226,64705,137,-892,-57,307.0,-142.0,-177.0,46.9,36.1,-14.1,S
29,451286,64711,119,-936,-12,298.0,-141.0,-193.0,47.5,22.0,-11.5,S
30,451347,64718,197,-962,7,283.0,-141.0,-207.0,50.4,11.4,-3.3,S
31,451377,64724,147,-952,58,276.0,-136.0,-226.0,54.2,-0.9,0.0,S
32,451436,64730,216,-898,90,268.0,-138.0,-244.0,63.9,-11.2,2.9,S
33,451497,64736,33,-955,164,247.0,-136.0,-279.0,63.6,-15.1,14.2,S
34,451526,64743,70,-975,215,225.0,-138.0,-301.0,62.3,-22.6,19.5,S
35,451587,64749,2,-1037,337,214.0,-132.0,-322.0,57.9,-23.6,21.7,S
36,451646,64755,2,-1037,337,187.0,-132.0,-340.0,57.9,-23.6,21.7,S
37,451676,64761,-2,-1098,494,174.0,-138.0,-352.0,47.3,-30.3,1.4,S
38,451737,64768,77,-1062,485,156.0,-144.0,-372.0,36.8,-21.2,6.3,S
39,451797,64774,166,-1024,555,153.0,-154.0,-393.0,43.0,-29.7,-12.1,S
40,451826,64780,71,-955,638,136.0,-151.0,-400.0,19.4,-28.7,29.2,S
41,451887,64786,-39,-986,463,127.0,-156.0,-415.0,10.0,-44.8,26.3,S
42,451946,64793,-90,-975,490,115.0,-160.0,-420.0,3.2,-49.3,27.7,S
43,451976,64799,-206,-1011,492,112.0,-166.0,-435.0,5.6,-57.3,22.3,S
44,452036,64805,-86,-999,554,108.0,-177.0,-453.0,-3.9,-51.3,26.0,S
45,452096,64811,-217,-1038,485,111.0,-184.0,-456.0,-19.0,-43.9,22.9,S
46,452129,64818,-266,-1044,466,127.0,-205.0,-444.0,-28.0,-36.4,14.4,S
47,452186,64824,-191,-988,384,136.0,-216.0,-450.0,-32.9,-25.9,8.6,S
48,452216,64830,-174,-999,427,142.0,-219.0,-453.0,-28.3,-18.4,2.3,S
49,452276,64836,-179,-963,388,160.0,-228.0,-445.0,-32.6,-9.3,-0.5,S
50,452336,64843,-176,-944,388,168.0,-225.0,-435.0,-30.0,-2.9,0.2,S
51,452366,64849,-173,-932,387,174.0,-228.0,-430.0,-31.7,5.0,-2.0,S
52,452427,64855,-146,-906,349,175.0,-231.0,-415.0,-28.0,9.5,-9.5,S
53,452486,64861,-60,-853,320,193.0,-232.0,-409.0,-24.0,11.4,-11.2,S
54,452516,64868,-28,-832,253,201.0,-232.0,-394.0,-14.9,9.5,-9.5,S
55,452576,64874,-43,-866,242,198.0,-226.0,-396.0,-12.9,11.0,-4.6,S
56,452636,64880,19,-899,254,205.0,-226.0,-396.0,-4.5,6.5,-6.3,S
57,452666,64886,25,-948,312,201.0,-220.0,-393.0,-3.9,4.9,-1.4,S
58,452726,64893,-10,-940,271,195.0,-225.0,-394.0,-6.6,-2.5,-0.4,S
59,452786,64899,-59,-924,193,202.0,-228.0,-391.0,-6.4,-2.1,2.9,S
60,452820,64905,-53,-977,219,205.0,-231.0,-394.0,6.7,2.2,-1.1,S
61,452876,64911,-54,-1009,256,201.0,-232.0,-388.0,3.1,6.9,-2.6,S
62,452936,64918,-41,-977,186,195.0,-226.0,-391.0,7.9,6.3,-9.5,S
63,452966,64924,-64,-1001,269,189.0,-223.0,-394.0,24.1,12.7,-16.4,S
64,453026,64930,-64,-1001,269,192.0,-216.0,-399.0,26.5,10.4,-20.4,S
65,453086,64936,70,-865,207,177.0,-229.0,-418.0,48.7,8.3,-9.3,S
66,453116,64943,95,-934,464,159.0,-226.0,-426.0,58.4,8.1,-26.1,S
67,453177,64949,119,-885,477,147.0,-232.0,-444.0,54.3,-8.0,-13.1,S
